strategy,seed,total_steps,service_availability,total_interruption_time,total_recovery_time,total_state_loss,sla_violations,migrations_attempted,migrations_successful,migration_success_rate,total_migration_time,migration_frequency,checkpoints_created,total_checkpoint_cpu,total_checkpoint_storage,replications,total_replication_bw,syncs,total_sync_data,avg_bandwidth,avg_latency,avg_cpu_utilization,avg_memory_utilization,avg_storage_utilization,total_data_transferred,energy_proxy,objective_cost,failure_probability
local_execution,42,1000,1.0,0,0.0,0,0,0,0,0.0,0.0,0,20,8.000000000000002,13750.0,0,0.0,0,0.0,15.506267218138925,1.5308746556372212,0.19999999999999718,0.30000000000000565,0.12678070312499984,0.0,199.9999999999972,0.39999999999999436,0.0
local_execution,43,1000,1.0,0,0.0,0,0,0,0,0.0,0.0,0,20,8.000000000000002,13750.0,0,0.0,0,0.0,13.709138541343929,1.4758172291731222,0.19999999999999718,0.30000000000000565,0.12678070312499984,0.0,199.9999999999972,0.39999999999999436,0.0
local_execution,44,1000,1.0,0,0.0,0,0,0,0,0.0,0.0,0,20,8.000000000000002,13750.0,0,0.0,0,0.0,12.134188459969968,1.3183162308006011,0.19999999999999718,0.30000000000000565,0.12678070312499984,0.0,199.9999999999972,0.39999999999999436,0.0
local_execution,45,1000,1.0,0,0.0,0,0,0,0,0.0,0.0,0,20,8.000000000000002,13750.0,0,0.0,0,0.0,11.335171108259562,1.3132965778348096,0.19999999999999718,0.30000000000000565,0.12678070312499984,0.0,199.9999999999972,0.39999999999999436,0.0
local_execution,46,1000,1.0,0,0.0,0,0,0,0,0.0,0.0,0,20,8.000000000000002,13750.0,0,0.0,0,0.0,12.50099611442133,1.3879800777115725,0.19999999999999718,0.30000000000000565,0.12678070312499984,0.0,199.9999999999972,0.39999999999999436,0.0
threshold_based,42,1000,1.0,0,0.0,0,0,0,0,0.0,0.0,0,20,8.000000000000002,13750.0,0,0.0,0,0.0,15.506267218138925,1.5308746556372212,0.19999999999999718,0.30000000000000565,0.12678070312499984,0.0,199.9999999999972,0.39999999999999436,0.0
threshold_based,43,1000,1.0,0,0.0,0,0,0,0,0.0,0.0,0,20,8.000000000000002,13750.0,0,0.0,0,0.0,13.709138541343929,1.4758172291731222,0.19999999999999718,0.30000000000000565,0.12678070312499984,0.0,199.9999999999972,0.39999999999999436,0.0
threshold_based,44,1000,1.0,0,0.0,0,0,0,0,0.0,0.0,0,20,8.000000000000002,13750.0,0,0.0,0,0.0,12.134188459969968,1.3183162308006011,0.19999999999999718,0.30000000000000565,0.12678070312499984,0.0,199.9999999999972,0.39999999999999436,0.0
threshold_based,45,1000,1.0,0,0.0,0,0,0,0,0.0,0.0,0,20,8.000000000000002,13750.0,0,0.0,0,0.0,11.335171108259562,1.3132965778348096,0.19999999999999718,0.30000000000000565,0.12678070312499984,0.0,199.9999999999972,0.39999999999999436,0.0
threshold_based,46,1000,1.0,0,0.0,0,0,0,0,0.0,0.0,0,20,8.000000000000002,13750.0,0,0.0,0,0.0,12.50099611442133,1.3879800777115725,0.19999999999999718,0.30000000000000565,0.12678070312499984,0.0,199.9999999999972,0.39999999999999436,0.0
mobility_aware,42,1000,1.0,0,0.0,0,0,0,0,0.0,0.0,0,63,25.199999999999974,43813.0,0,0.0,0,0.0,15.506267218138925,1.5308746556372212,0.19999999999999718,0.30000000000000565,0.1291346171875005,0.0,199.9999999999972,0.39999999999999436,0.0
mobility_aware,43,1000,1.0,0,0.0,0,0,0,0,0.0,0.0,0,57,22.799999999999983,37464.9,1,817.0,1,1.0,13.709138541343929,1.4758172291731222,0.19999999999999718,0.30000000000000565,0.12880334531250054,818.0,199.9999999999972,0.6453999999999943,0.0
mobility_aware,44,1000,1.0,0,0.0,0,0,0,0,0.0,0.0,0,55,21.999999999999986,42531.5,0,0.0,0,0.0,12.134188459969968,1.3183162308006011,0.19999999999999718,0.30000000000000565,0.1287461796874994,0.0,199.9999999999972,0.39999999999999436,0.0
mobility_aware,45,1000,1.0,0,0.0,0,0,0,0,0.0,0.0,0,60,23.99999999999998,37253.7,0,0.0,0,0.0,11.335171108259562,1.3132965778348096,0.19999999999999718,0.30000000000000565,0.12909525781250006,0.0,199.9999999999972,0.39999999999999436,0.0
mobility_aware,46,1000,1.0,0,0.0,0,0,0,0,0.0,0.0,0,62,24.799999999999976,43345.5,0,0.0,0,0.0,12.50099611442133,1.3879800777115725,0.19999999999999718,0.30000000000000565,0.12926527656249917,0.0,199.9999999999972,0.39999999999999436,0.0
rl_based,42,1000,1.0,5,0.0,0,0,5,0,0.0,184.1669683915209,5,28,11.200000000000005,3330.714330154593,0,0.0,0,0.0,15.506267218138925,1.5308746556372212,0.19999999999999718,0.30000000000000565,0.10553149282261778,0.0,199.9999999999972,6.320834841957598,0.0
rl_based,43,1000,1.0,29,0.0,0,0,29,0,0.0,740.0062268997684,29,28,11.200000000000005,3330.4201553116463,0,0.0,0,0.0,13.709138541343929,1.4758172291731222,0.19999999999999718,0.30000000000000565,0.10553086373195586,0.0,199.9999999999972,33.100031134498835,0.0
rl_based,44,1000,1.0,3,0.0,0,0,3,0,0.0,85.1251491373848,3,111,44.399999999999906,13233.609222799318,0,0.0,0,0.0,12.134188459969968,1.3183162308006011,0.19999999999999718,0.30000000000000565,0.10553167690531737,0.0,199.9999999999972,3.825625745686918,0.0
rl_based,45,1000,1.0,8,0.0,0,0,8,0,0.0,334.2452638925435,8,28,11.200000000000005,3330.7142198402275,0,0.0,0,0.0,11.335171108259562,1.3132965778348096,0.19999999999999718,0.30000000000000565,0.10553149242788995,0.0,199.9999999999972,10.071226319462713,0.0
rl_based,46,1000,1.0,4,0.0,0,0,4,0,0.0,150.9092734229532,4,28,11.200000000000005,3330.714330154593,0,0.0,0,0.0,12.50099611442133,1.3879800777115725,0.19999999999999718,0.30000000000000565,0.10553149282261778,0.0,199.9999999999972,5.15454636711476,0.0
agentic_manager,42,1000,1.0,0,0.0,0,0,0,0,0.0,0.0,0,51,20.39999999999999,34913.99999999999,0,0.0,0,0.0,15.506267218138925,1.5308746556372212,0.19999999999999718,0.30000000000000565,0.12927601874999997,0.0,199.9999999999972,0.39999999999999436,0.0
agentic_manager,43,1000,1.0,0,0.0,0,0,0,0,0.0,0.0,0,52,20.79999999999999,34897.50000000001,0,0.0,0,0.0,13.709138541343929,1.4758172291731222,0.19999999999999718,0.30000000000000565,0.1293510937499994,0.0,199.9999999999972,0.39999999999999436,0.0
agentic_manager,44,1000,1.0,0,0.0,0,0,0,0,0.0,0.0,0,52,20.79999999999999,35653.2,0,0.0,0,0.0,12.134188459969968,1.3183162308006011,0.19999999999999718,0.30000000000000565,0.12933010781249962,0.0,199.9999999999972,0.39999999999999436,0.0
agentic_manager,45,1000,1.0,0,0.0,0,0,0,0,0.0,0.0,0,52,20.79999999999999,34221.0,0,0.0,0,0.0,11.335171108259562,1.3132965778348096,0.19999999999999718,0.30000000000000565,0.12936848749999988,0.0,199.9999999999972,0.39999999999999436,0.0
agentic_manager,46,1000,1.0,0,0.0,0,0,0,0,0.0,0.0,0,51,20.39999999999999,34163.799999999996,0,0.0,0,0.0,12.50099611442133,1.3879800777115725,0.19999999999999718,0.30000000000000565,0.12932046562500024,0.0,199.9999999999972,0.39999999999999436,0.0
local_execution,42,1000,0.976,87,155.04300000000012,743,2,0,0,0.0,0.0,0,19,7.600000000000002,4129.400000000001,0,0.0,0,0.0,15.220023303601268,1.5645995339279752,0.19999999999999718,0.30000000000000565,0.10857436249999962,0.0,199.9999999999972,1576.4,0.1
local_execution,43,1000,0.964,109,201.78099999999984,687,3,0,0,0.0,0.0,0,20,8.000000000000002,4683.8,0,0.0,0,0.0,13.34035827463671,1.5111928345072654,0.19999999999999718,0.30000000000000565,0.10944612968749917,0.0,199.9999999999972,1487.9,0.1
local_execution,44,1000,0.889,169,284.3489999999999,590,12,0,0,0.0,0.0,0,16,6.400000000000001,4786.1,0,0.0,0,0.0,22.630960722758093,2.088380785544839,0.19999999999999718,0.30000000000000565,0.10965779374999951,0.0,199.9999999999972,1367.4,0.1
local_execution,45,1000,0.808,249,339.1810000000005,528,27,0,0,0.0,0.0,0,15,6.000000000000001,4297.700000000002,0,0.0,0,0.0,20.19064038655103,2.06718719226898,0.19999999999999718,0.30000000000000565,0.10843067499999952,0.0,199.9999999999972,1345.9,0.1
local_execution,46,1000,0.867,206,275.81600000000003,603,12,0,0,0.0,0.0,0,17,6.800000000000002,4255.900000000001,0,0.0,0,0.0,6.801817719596633,0.8019636456080672,0.19999999999999718,0.30000000000000565,0.1084952140625005,0.0,199.9999999999972,1430.4,0.1
threshold_based,42,1000,0.976,87,155.04300000000012,743,2,0,0,0.0,0.0,0,19,7.600000000000002,4129.400000000001,0,0.0,0,0.0,15.220023303601268,1.5645995339279752,0.19999999999999718,0.30000000000000565,0.10857436249999962,0.0,199.9999999999972,1576.4,0.1
threshold_based,43,1000,0.964,109,201.78099999999984,687,3,0,0,0.0,0.0,0,20,8.000000000000002,4683.8,0,0.0,0,0.0,13.34035827463671,1.5111928345072654,0.19999999999999718,0.30000000000000565,0.10944612968749917,0.0,199.9999999999972,1487.9,0.1
threshold_based,44,1000,0.889,169,284.3489999999999,590,12,0,0,0.0,0.0,0,16,6.400000000000001,4786.1,0,0.0,0,0.0,22.630960722758093,2.088380785544839,0.19999999999999718,0.30000000000000565,0.10965779374999951,0.0,199.9999999999972,1367.4,0.1
threshold_based,45,1000,0.808,249,339.1810000000005,528,27,0,0,0.0,0.0,0,15,6.000000000000001,4297.700000000002,0,0.0,0,0.0,20.19064038655103,2.06718719226898,0.19999999999999718,0.30000000000000565,0.10843067499999952,0.0,199.9999999999972,1345.9,0.1
threshold_based,46,1000,0.867,206,275.81600000000003,603,12,0,0,0.0,0.0,0,17,6.800000000000002,4255.900000000001,0,0.0,0,0.0,6.801817719596633,0.8019636456080672,0.19999999999999718,0.30000000000000565,0.1084952140625005,0.0,199.9999999999972,1430.4,0.1
mobility_aware,42,1000,1.0,74,176.39599999999984,741,0,0,0,0.0,0.0,0,29,11.600000000000005,6211.7,1,137.0,1,1.0,8.680916301087413,0.9743816739782514,0.19999999999999718,0.30000000000000565,0.11058143281249896,138.0,199.9999999999972,1556.4414000000002,0.1
mobility_aware,43,1000,0.976,100,261.96300000000014,565,2,0,0,0.0,0.0,0,48,19.199999999999996,14215.299999999997,1,407.0,1,1.0,10.733313263171295,1.1923337347365743,0.19999999999999718,0.30000000000000565,0.11360055468749995,408.0,199.9999999999972,1233.5224,0.1
mobility_aware,44,1000,0.976,90,274.49199999999985,461,2,0,0,0.0,0.0,0,60,23.99999999999998,22269.500000000004,1,176.0,1,2.0,20.663011595354778,2.0717397680929044,0.19999999999999718,0.30000000000000565,0.11592973593750029,178.0,199.9999999999972,1015.4534,0.1
mobility_aware,45,1000,1.0,86,271.07300000000004,539,0,0,0,0.0,0.0,0,59,23.59999999999998,18547.100000000002,0,0.0,0,0.0,13.927313349181821,1.499453733016364,0.19999999999999718,0.30000000000000565,0.11446505156249988,0.0,199.9999999999972,1164.4,0.1
mobility_aware,46,1000,1.0,72,241.197,497,0,0,0,0.0,0.0,0,70,27.999999999999964,24017.399999999998,0,0.0,0,0.0,19.136771806360244,2.123264563872794,0.19999999999999718,0.30000000000000565,0.11584881718749947,0.0,199.9999999999972,1066.4,0.1
rl_based,42,1000,1.0,78,78.36476196737078,692,0,14,4,0.2857142857142857,461.2138582016553,14,30,12.000000000000005,3453.1746932234146,0,0.0,0,0.0,17.700915716500674,1.9139816856699872,0.19999999999999718,0.31217998141049846,0.10174571537219446,419.2178565291688,199.9999999999972,1464.831834647967,0.1
rl_based,43,1000,0.988,100,107.64802402668487,715,1,5,0,0.0,214.77869761468355,5,29,11.600000000000005,3338.8370757986786,0,0.0,0,0.0,9.55196955465939,1.1249606089068127,0.19999999999999718,0.30000000000000565,0.10527334376925768,0.0,199.9999999999972,1532.9738934880736,0.1
rl_based,44,1000,1.0,84,87.39613936885765,723,0,8,0,0.0,240.89540045919506,8,31,12.400000000000006,3562.8702372139783,0,0.0,0,0.0,13.264461081158352,1.3727107783768335,0.19999999999999718,0.30000000000000565,0.1053313378718068,0.0,199.9999999999972,1531.604477002296,0.1
rl_based,45,1000,1.0,98,101.88114852337971,631,0,12,0,0.0,375.1239527493291,12,96,38.39999999999993,11366.436875665913,0,0.0,0,0.0,13.927313349181821,1.499453733016364,0.19999999999999718,0.30000000000000565,0.10549383928533375,0.0,199.9999999999972,1362.2756197637468,0.1
rl_based,46,1000,1.0,77,85.30636264331274,743,0,5,0,0.0,196.7537710888125,5,29,11.600000000000005,3429.4725496705623,0,0.0,0,0.0,19.136771806360244,2.123264563872794,0.19999999999999718,0.30000000000000565,0.10549326892434395,0.0,199.9999999999972,1564.3837688554443,0.1
agentic_manager,42,1000,0.988,78,232.066,561,1,0,0,0.0,0.0,0,20,8.000000000000002,6334.9,0,0.0,0,0.0,15.499074270833434,1.5870185145833313,0.19999999999999718,0.30000000000000565,0.11413333281249918,0.0,199.9999999999972,1201.9,0.1
agentic_manager,43,1000,0.964,109,239.15899999999988,570,3,0,0,0.0,0.0,0,17,6.800000000000002,5014.900000000001,0,0.0,0,0.0,13.34035827463671,1.5111928345072654,0.19999999999999718,0.30000000000000565,0.1113792078125006,0.0,199.9999999999972,1253.9,0.1
agentic_manager,44,1000,0.976,90,261.534,531,2,0,0,0.0,0.0,0,21,8.400000000000002,6905.799999999999,0,0.0,0,0.0,20.663011595354778,2.0717397680929044,0.19999999999999718,0.30000000000000565,0.11451065000000052,0.0,199.9999999999972,1155.4,0.1
agentic_manager,45,1000,1.0,86,196.3279999999999,646,0,0,0,0.0,0.0,0,15,6.000000000000001,3983.1000000000004,0,0.0,0,0.0,13.927313349181821,1.499453733016364,0.19999999999999718,0.30000000000000565,0.10947455781250028,0.0,199.9999999999972,1378.4,0.1
agentic_manager,46,1000,1.0,72,199.4520000000001,617,0,0,0,0.0,0.0,0,17,6.800000000000002,4875.200000000001,0,0.0,0,0.0,19.136771806360244,2.123264563872794,0.19999999999999718,0.30000000000000565,0.11172053437500075,0.0,199.9999999999972,1306.4,0.1
local_execution,42,1000,0.952,169,198.05300000000008,766,4,0,0,0.0,0.0,0,17,6.800000000000002,2520.1000000000004,0,0.0,0,0.0,9.559162864166712,1.068816742716666,0.19999999999999718,0.30000000000000565,0.10585560937499995,0.0,199.9999999999972,1707.4,0.2
local_execution,43,1000,0.964,151,256.43999999999994,726,3,0,0,0.0,0.0,0,20,8.000000000000002,3890.7000000000003,0,0.0,0,0.0,12.255146241321333,1.357897075173573,0.19999999999999718,0.30000000000000565,0.10798895625000077,0.0,199.9999999999972,1607.9,0.2
local_execution,44,1000,0.964,149,202.8479999999999,789,3,0,0,0.0,0.0,0,15,6.000000000000001,2239.6,0,0.0,0,0.0,13.330164495300316,1.3783967100939936,0.19999999999999718,0.30000000000000565,0.10606593281250008,0.0,199.9999999999972,1731.9,0.2
local_execution,45,1000,0.892,196,256.74599999999987,660,9,0,0,0.0,0.0,0,17,6.800000000000002,3780.7,0,0.0,0,0.0,19.736774749868843,2.1042645050026216,0.19999999999999718,0.30000000000000565,0.1081412203125003,0.0,199.9999999999972,1529.9,0.2
local_execution,46,1000,0.928,171,261.66299999999995,686,6,0,0,0.0,0.0,0,19,7.600000000000002,3932.500000000001,0,0.0,0,0.0,11.90715144673629,1.273856971065274,0.19999999999999718,0.30000000000000565,0.10798227031249907,0.0,199.9999999999972,1552.4,0.2
threshold_based,42,1000,0.952,169,198.05300000000008,766,4,0,0,0.0,0.0,0,17,6.800000000000002,2520.1000000000004,0,0.0,0,0.0,9.559162864166712,1.068816742716666,0.19999999999999718,0.30000000000000565,0.10585560937499995,0.0,199.9999999999972,1707.4,0.2
threshold_based,43,1000,0.964,151,256.43999999999994,726,3,0,0,0.0,0.0,0,20,8.000000000000002,3890.7000000000003,0,0.0,0,0.0,12.255146241321333,1.357897075173573,0.19999999999999718,0.30000000000000565,0.10798895625000077,0.0,199.9999999999972,1607.9,0.2
threshold_based,44,1000,0.964,149,202.8479999999999,789,3,0,0,0.0,0.0,0,15,6.000000000000001,2239.6,0,0.0,0,0.0,13.330164495300316,1.3783967100939936,0.19999999999999718,0.30000000000000565,0.10606593281250008,0.0,199.9999999999972,1731.9,0.2
threshold_based,45,1000,0.892,196,256.74599999999987,660,9,0,0,0.0,0.0,0,17,6.800000000000002,3780.7,0,0.0,0,0.0,19.736774749868843,2.1042645050026216,0.19999999999999718,0.30000000000000565,0.1081412203125003,0.0,199.9999999999972,1529.9,0.2
threshold_based,46,1000,0.928,171,261.66299999999995,686,6,0,0,0.0,0.0,0,19,7.600000000000002,3932.500000000001,0,0.0,0,0.0,11.90715144673629,1.273856971065274,0.19999999999999718,0.30000000000000565,0.10798227031249907,0.0,199.9999999999972,1552.4,0.2
mobility_aware,42,1000,0.952,163,537.9269999999999,481,4,0,0,0.0,0.0,0,48,19.199999999999996,25746.6,1,138.0,44,312.0,13.058148894441338,1.3978370221111733,0.19999999999999718,0.30000000000000565,0.11564313749999955,450.0,199.9999999999972,1131.535,0.2
mobility_aware,43,1000,0.976,146,316.9630000000001,596,2,0,0,0.0,0.0,0,43,17.200000000000003,10766.800000000001,1,291.0,2,24.0,11.341129605844523,1.20817740788311,0.19999999999999718,0.30000000000000565,0.11092339531250162,315.0,199.9999999999972,1341.4945,0.2
mobility_aware,44,1000,0.964,149,303.0470000000004,596,3,0,0,0.0,0.0,0,44,17.6,11235.4,0,0.0,0,0.0,13.330164495300316,1.3783967100939936,0.19999999999999718,0.30000000000000565,0.1103546609374988,0.0,199.9999999999972,1345.9,0.2
mobility_aware,45,1000,1.0,104,352.31899999999996,507,0,0,0,0.0,0.0,0,57,22.799999999999983,18030.1,1,304.0,1,1.0,17.712039959843434,1.8367592008031326,0.19999999999999718,0.30000000000000565,0.11524900781250044,305.0,199.9999999999972,1118.4915,0.2
mobility_aware,46,1000,1.0,120,311.61900000000014,641,0,0,0,0.0,0.0,0,45,18.0,10909.8,0,0.0,0,0.0,10.290489203931845,1.2711902159213624,0.19999999999999718,0.30000000000000565,0.11179832500000016,0.0,199.9999999999972,1402.4,0.2
rl_based,42,1000,0.952,166,162.19206805706045,630,4,3,0,0.0,113.26272783848,3,38,15.200000000000008,4752.9325222551815,1,114.2265625,17,0.03821516036987305,13.058148894441338,1.3978370221111733,0.19999999999999718,0.30000000000000565,0.10196530414305736,114.26477766036987,199.9999999999972,1433.0005930724906,0.2
rl_based,43,1000,0.988,153,151.4120735518638,750,1,48,28,0.5833333333333334,1057.7934536418688,48,27,10.800000000000004,3107.1856758505105,0,0.0,0,0.0,14.61881379786154,1.4576237240427699,0.19999999999999718,0.3000128311980572,0.10511598652456004,2934.0702171325684,199.9999999999972,1661.069188333349,0.2
rl_based,44,1000,0.988,137,151.56589317549805,753,1,4,0,0.0,130.72557586521884,4,27,10.800000000000004,3111.75538592449,0,0.0,0,0.0,11.322942499317598,1.1595411500136492,0.19999999999999718,0.30000000000000565,0.10528059437965946,0.0,199.9999999999972,1645.553627879326,0.2
rl_based,45,1000,1.0,115,123.32522521251,726,0,11,0,0.0,358.50281381308383,11,28,11.200000000000005,3313.405717444327,0,0.0,0,0.0,17.712039959843434,1.8367592008031326,0.19999999999999718,0.30000000000000565,0.10549910229149931,0.0,199.9999999999972,1569.1925140690655,0.2
rl_based,46,1000,1.0,127,141.85580292800074,731,0,7,0,0.0,271.1782141994049,7,35,14.000000000000007,4131.7015098691,0,0.0,0,0.0,10.290489203931845,1.2711902159213624,0.19999999999999718,0.30000000000000565,0.10548057522491584,0.0,199.9999999999972,1590.7558910709972,0.2
agentic_manager,42,1000,0.94,177,232.5479999999997,742,5,0,0,0.0,0.0,0,5,2.0,804.1,0,0.0,0,0.0,11.64515605421262,1.3840968789157477,0.19999999999999718,0.30000000000000565,0.10619975468750142,0.0,199.9999999999972,1668.9,0.2
agentic_manager,43,1000,0.964,151,227.56499999999997,748,3,0,0,0.0,0.0,0,6,2.4,1027.4,0,0.0,0,0.0,12.255146241321333,1.357897075173573,0.19999999999999718,0.30000000000000565,0.10544962343749999,0.0,199.9999999999972,1651.9,0.2
agentic_manager,44,1000,0.952,158,269.4409999999997,687,4,0,0,0.0,0.0,0,8,3.1999999999999997,1598.3000000000002,0,0.0,0,0.0,13.349574002511162,1.4410085199497764,0.19999999999999718,0.30000000000000565,0.10744247968750019,0.0,199.9999999999972,1538.4,0.2
agentic_manager,45,1000,1.0,104,228.6569999999999,703,0,0,0,0.0,0.0,0,12,4.8,2689.5,0,0.0,0,0.0,17.712039959843434,1.8367592008031326,0.19999999999999718,0.30000000000000565,0.10839518281250059,0.0,199.9999999999972,1510.4,0.2
agentic_manager,46,1000,1.0,120,222.69499999999974,761,0,0,0,0.0,0.0,0,7,2.8,1281.5,0,0.0,0,0.0,10.290489203931845,1.2711902159213624,0.19999999999999718,0.30000000000000565,0.10702105937499984,0.0,199.9999999999972,1642.4,0.2
local_execution,42,1000,0.952,190,235.17799999999997,727,4,0,0,0.0,0.0,0,17,6.800000000000002,2621.3,0,0.0,0,0.0,11.206162579409538,1.27387674841181,0.19999999999999718,0.30000000000000565,0.10596306562499938,0.0,199.9999999999972,1650.4,0.3
local_execution,43,1000,0.952,188,234.33100000000002,746,4,0,0,0.0,0.0,0,18,7.200000000000002,2744.5,0,0.0,0,0.0,10.278171162945409,1.173436576741092,0.19999999999999718,0.30000000000000565,0.10621826562499963,0.0,199.9999999999972,1686.4,0.3
local_execution,44,1000,0.964,171,258.0240000000002,737,3,0,0,0.0,0.0,0,18,7.200000000000002,3021.7000000000003,0,0.0,0,0.0,16.646746426218385,1.6620650714756309,0.19999999999999718,0.30000000000000565,0.10676848906249974,0.0,199.9999999999972,1649.9,0.3
local_execution,45,1000,0.916,214,251.65399999999983,703,7,0,0,0.0,0.0,0,16,6.400000000000001,2621.3,0,0.0,0,0.0,12.757196224267553,1.3478560755146487,0.19999999999999718,0.30000000000000565,0.10574983749999961,0.0,199.9999999999972,1630.9,0.3
local_execution,46,1000,0.736,372,322.14599999999933,544,22,0,0,0.0,0.0,0,14,5.6000000000000005,2494.8,0,0.0,0,0.0,11.5725722984731,1.2525485540305379,0.19999999999999718,0.30000000000000565,0.10528935000000009,0.0,199.9999999999972,1493.4,0.3
threshold_based,42,1000,0.952,190,235.17799999999997,727,4,0,0,0.0,0.0,0,17,6.800000000000002,2621.3,0,0.0,0,0.0,11.206162579409538,1.27387674841181,0.19999999999999718,0.30000000000000565,0.10596306562499938,0.0,199.9999999999972,1650.4,0.3
threshold_based,43,1000,0.952,188,234.33100000000002,746,4,0,0,0.0,0.0,0,18,7.200000000000002,2744.5,0,0.0,0,0.0,10.278171162945409,1.173436576741092,0.19999999999999718,0.30000000000000565,0.10621826562499963,0.0,199.9999999999972,1686.4,0.3
threshold_based,44,1000,0.964,171,258.0240000000002,737,3,0,0,0.0,0.0,0,18,7.200000000000002,3021.7000000000003,0,0.0,0,0.0,16.646746426218385,1.6620650714756309,0.19999999999999718,0.30000000000000565,0.10676848906249974,0.0,199.9999999999972,1649.9,0.3
threshold_based,45,1000,0.916,214,251.65399999999983,703,7,0,0,0.0,0.0,0,16,6.400000000000001,2621.3,0,0.0,0,0.0,12.757196224267553,1.3478560755146487,0.19999999999999718,0.30000000000000565,0.10574983749999961,0.0,199.9999999999972,1630.9,0.3
threshold_based,46,1000,0.736,372,322.14599999999933,544,22,0,0,0.0,0.0,0,14,5.6000000000000005,2494.8,0,0.0,0,0.0,11.5725722984731,1.2525485540305379,0.19999999999999718,0.30000000000000565,0.10528935000000009,0.0,199.9999999999972,1493.4,0.3
mobility_aware,42,1000,0.952,190,315.22500000000025,621,4,0,0,0.0,0.0,0,36,14.400000000000007,7747.299999999999,0,0.0,0,0.0,11.206162579409538,1.27387674841181,0.19999999999999718,0.30000000000000565,0.10849780937499998,0.0,199.9999999999972,1438.4,0.3
mobility_aware,43,1000,0.952,188,319.4709999999999,630,4,0,0,0.0,0.0,0,36,14.400000000000007,7761.599999999999,0,0.0,0,0.0,10.278171162945409,1.173436576741092,0.19999999999999718,0.30000000000000565,0.10903237500000086,0.0,199.9999999999972,1454.4,0.3
mobility_aware,44,1000,0.964,171,391.7840000000004,562,3,0,0,0.0,0.0,0,47,18.799999999999997,12388.2,0,0.0,0,0.0,16.646746426218385,1.6620650714756309,0.19999999999999718,0.30000000000000565,0.11153815781249958,0.0,199.9999999999972,1299.9,0.3
mobility_aware,45,1000,0.988,161,288.6829999999998,710,1,0,0,0.0,0.0,0,29,11.600000000000005,5472.5,0,0.0,0,0.0,7.180276711568345,0.773394465768633,0.19999999999999718,0.30000000000000565,0.10818465312500015,0.0,199.9999999999972,1582.9,0.3
mobility_aware,46,1000,1.0,144,379.16000000000037,581,0,0,0,0.0,0.0,0,46,18.4,12980.0,1,282.0,15,90.0,10.487819605361995,1.3092436078927594,0.19999999999999718,0.30000000000000565,0.10921415781249995,372.0,199.9999999999972,1306.5116,0.3
rl_based,42,1000,0.952,192,198.38533805704105,719,4,2,0,0.0,100.27752220482871,2,33,13.200000000000006,4040.4884653329855,0,0.0,0,0.0,11.206162579409538,1.27387674841181,0.19999999999999718,0.30000000000000565,0.10543166670315837,0.0,199.9999999999972,1636.9013876110243,0.3
rl_based,43,1000,0.952,192,196.98378297188867,669,4,4,0,0.0,101.10467847025683,4,42,16.800000000000004,5184.777077575773,0,0.0,0,0.0,10.278171162945409,1.173436576741092,0.19999999999999718,0.30000000000000565,0.10540168840189017,0.0,199.9999999999972,1536.9055233923514,0.3
rl_based,44,1000,0.988,165,180.50054603470812,725,1,7,0,0.0,284.83962275917156,7,29,11.600000000000005,3344.138198590913,0,0.0,0,0.0,10.939992923274131,1.2722001415345174,0.19999999999999718,0.30000000000000565,0.1052834365757677,0.0,199.9999999999972,1618.324198113796,0.3
rl_based,45,1000,1.0,163,168.09919876897334,698,0,16,1,0.0625,535.4697386452776,16,29,11.600000000000005,3429.693282294272,1,107.7177734375,17,0.007312655448913574,14.691333054131228,1.5821733389173764,0.19999999999999718,0.28791626691818784,0.10547231859959123,215.4399298429489,199.9999999999972,1562.1419806721794,0.3
rl_based,46,1000,1.0,153,168.8079820745588,752,0,10,0,0.0,387.3073560182581,10,25,10.000000000000004,2946.3345615804196,0,0.0,0,0.0,10.596432855672798,1.3210713428865437,0.19999999999999718,0.30000000000000565,0.10547061242365775,0.0,199.9999999999972,1659.3365367800914,0.3
agentic_manager,42,1000,0.916,223,258.65999999999923,730,7,0,0,0.0,0.0,0,3,1.2000000000000002,421.30000000000007,0,0.0,0,0.0,9.183986201720503,1.0063202759655898,0.19999999999999718,0.30000000000000565,0.10398622812499933,0.0,199.9999999999972,1693.9,0.3
agentic_manager,43,1000,0.952,188,201.27600000000072,786,4,0,0,0.0,0.0,0,2,0.8,257.40000000000003,0,0.0,0,0.0,10.278171162945409,1.173436576741092,0.19999999999999718,0.30000000000000565,0.10247154531250086,0.0,199.9999999999972,1766.4,0.3
agentic_manager,44,1000,0.94,197,241.21399999999974,746,5,0,0,0.0,0.0,0,3,1.2000000000000002,449.9,0,0.0,0,0.0,12.545476902538702,1.3520904619492256,0.19999999999999718,0.30000000000000565,0.10205328750000005,0.0,199.9999999999972,1696.9,0.3
agentic_manager,45,1000,0.82,294,258.8899999999997,651,15,0,0,0.0,0.0,0,3,1.2000000000000002,446.6,0,0.0,0,0.0,13.761246840910795,1.460775063181785,0.19999999999999718,0.30000000000000565,0.10512170312499836,0.0,199.9999999999972,1618.9,0.3
agentic_manager,46,1000,0.904,224,237.8259999999996,735,8,0,0,0.0,0.0,0,2,0.8,276.1,0,0.0,0,0.0,11.041388891827689,1.1581722221634458,0.19999999999999718,0.30000000000000565,0.10283824062499787,0.0,199.9999999999972,1706.4,0.3
local_execution,42,1000,0.952,207,253.8999999999998,738,4,0,0,0.0,0.0,0,19,7.600000000000002,2775.3,0,0.0,0,0.0,10.699674416288886,1.0530065116742229,0.19999999999999718,0.30000000000000565,0.1060467687500007,0.0,199.9999999999972,1689.4,0.5
local_execution,43,1000,0.952,208,248.46599999999992,733,4,0,0,0.0,0.0,0,17,6.800000000000002,2411.2000000000003,0,0.0,0,0.0,4.599035458601796,0.6500192908279643,0.19999999999999718,0.30000000000000565,0.10582173281249935,0.0,199.9999999999972,1680.4,0.5
local_execution,44,1000,0.82,317,322.1590000000002,622,15,0,0,0.0,0.0,0,17,6.800000000000002,2674.1000000000004,0,0.0,0,0.0,6.8283866760539755,0.8364322664789211,0.19999999999999718,0.30000000000000565,0.10545149687500091,0.0,199.9999999999972,1583.9,0.5
local_execution,45,1000,0.358,696,438.2080000000003,233,59,0,0,0.0,0.0,0,7,2.8,1279.3000000000002,0,0.0,0,0.0,5.083266319561867,0.5633346736087627,0.19999999999999718,0.30000000000000565,0.10212968593750052,0.0,199.9999999999972,1250.9,0.5
local_execution,46,1000,0.054,946,374.0,0,83,0,0,0.0,0.0,0,0,0.0,0.0,0,0.0,0,0.0,7.4594420066129175,0.8308111598677413,0.19999999999999718,0.30000000000000565,0.09999999999999859,0.0,199.9999999999972,1070.9,0.5
threshold_based,42,1000,0.952,207,253.8999999999998,738,4,0,0,0.0,0.0,0,19,7.600000000000002,2775.3,0,0.0,0,0.0,10.699674416288886,1.0530065116742229,0.19999999999999718,0.30000000000000565,0.1060467687500007,0.0,199.9999999999972,1689.4,0.5
threshold_based,43,1000,0.952,208,248.46599999999992,733,4,0,0,0.0,0.0,0,17,6.800000000000002,2411.2000000000003,0,0.0,0,0.0,4.599035458601796,0.6500192908279643,0.19999999999999718,0.30000000000000565,0.10582173281249935,0.0,199.9999999999972,1680.4,0.5
threshold_based,44,1000,0.82,317,322.1590000000002,622,15,0,0,0.0,0.0,0,17,6.800000000000002,2674.1000000000004,0,0.0,0,0.0,6.8283866760539755,0.8364322664789211,0.19999999999999718,0.30000000000000565,0.10545149687500091,0.0,199.9999999999972,1583.9,0.5
threshold_based,45,1000,0.358,696,438.2080000000003,233,59,0,0,0.0,0.0,0,7,2.8,1279.3000000000002,0,0.0,0,0.0,5.083266319561867,0.5633346736087627,0.19999999999999718,0.30000000000000565,0.10212968593750052,0.0,199.9999999999972,1250.9,0.5
threshold_based,46,1000,0.054,946,374.0,0,83,0,0,0.0,0.0,0,0,0.0,0.0,0,0.0,0,0.0,7.4594420066129175,0.8308111598677413,0.19999999999999718,0.30000000000000565,0.09999999999999859,0.0,199.9999999999972,1070.9,0.5
mobility_aware,42,1000,0.952,212,286.6279999999998,673,4,15,15,1.0,372.0640807615536,15,24,9.600000000000003,4187.7,1,173.0,6,33.0,9.462434809263641,0.9447513038147273,0.19999999999999718,0.3102152099609433,0.10351560312500065,2106.0,199.9999999999972,1566.892120403808,0.5
mobility_aware,43,1000,0.952,208,279.7940000000004,687,4,0,0,0.0,0.0,0,25,10.000000000000004,4171.200000000001,0,0.0,0,0.0,4.599035458601796,0.6500192908279643,0.19999999999999718,0.30000000000000565,0.106679990625,0.0,199.9999999999972,1588.4,0.5
mobility_aware,44,1000,0.94,221,304.34499999999974,675,5,0,0,0.0,0.0,0,26,10.400000000000004,4399.999999999999,0,0.0,0,0.0,7.660743372296062,0.7847851325540789,0.19999999999999718,0.30000000000000565,0.1069247750000004,0.0,199.9999999999972,1578.9,0.5
mobility_aware,45,1000,0.964,203,300.1780000000001,690,3,0,0,0.0,0.0,0,24,9.600000000000003,4088.7000000000003,0,0.0,0,0.0,8.020732129802404,0.8615853574039516,0.19999999999999718,0.30000000000000565,0.10751224375000082,0.0,199.9999999999972,1587.9,0.5
mobility_aware,46,1000,1.0,172,344.6939999999998,697,0,0,0,0.0,0.0,0,25,10.000000000000004,4726.700000000001,1,192.0,13,39.0,7.546274971687122,0.8080745005662575,0.19999999999999718,0.30000000000000565,0.1072410593749997,231.0,199.9999999999972,1566.4693000000002,0.5
rl_based,42,1000,0.904,251,213.8455539624693,680,8,4,0,0.0,123.04809280029866,4,23,9.200000000000003,2705.199894022942,0,0.0,0,0.0,10.702669687298082,1.1299466062540384,0.19999999999999718,0.30000000000000565,0.10488194077580569,0.0,199.9999999999972,1624.0152404640016,0.5
rl_based,43,1000,0.916,243,239.79150905227723,689,7,1,0,0.0,34.27698863069586,1,25,10.000000000000004,3031.777734947205,0,0.0,0,0.0,7.124416986717808,0.7885116602656441,0.19999999999999718,0.30000000000000565,0.10509720255621138,0.0,199.9999999999972,1632.0713849431536,0.5
rl_based,44,1000,0.988,179,197.27205224323228,748,1,5,1,0.2,164.11274964823966,5,30,12.000000000000005,3409.333384323123,0,0.0,0,0.0,9.502860699367162,0.957942786012657,0.19999999999999718,0.30716514874717077,0.10308188590270316,103.33961010002531,199.9999999999972,1677.7515656312714,0.5
rl_based,45,1000,1.0,220,194.30586521614725,732,0,51,0,0.0,2262.628502541565,51,30,12.000000000000005,3447.2394757947627,0,0.0,0,0.0,8.727646784220843,0.9524470643155831,0.19999999999999718,0.30000000000000565,0.1053231380949074,0.0,199.9999999999972,1695.713142512708,0.5
rl_based,46,1000,0.976,193,220.56258249068546,737,2,2,0,0.0,88.50543764801043,2,29,11.600000000000005,3409.7945669412843,0,0.0,0,0.0,7.233920976345994,0.9053215804730802,0.19999999999999718,0.30000000000000565,0.10528825731229101,0.0,199.9999999999972,1670.8425271882402,0.5
agentic_manager,42,1000,0.748,382,275.31000000000034,598,21,0,0,0.0,0.0,0,1,0.4,128.70000000000002,0,0.0,0,0.0,6.867302946341127,0.7306539410731772,0.19999999999999718,0.30000000000000565,0.10147200624999851,0.0,199.9999999999972,1609.9,0.5
agentic_manager,43,1000,0.76,368,259.32800000000094,613,20,0,0,0.0,0.0,0,1,0.4,127.60000000000001,0,0.0,0,0.0,7.861888676303473,0.9067622264739305,0.19999999999999718,0.30000000000000565,0.10148534375000146,0.0,199.9999999999972,1624.4,0.5
agentic_manager,44,1000,0.88,265,252.23499999999927,721,10,0,0,0.0,0.0,0,1,0.4,124.30000000000001,0,0.0,0,0.0,7.240029407861681,0.7651994118427667,0.19999999999999718,0.30000000000000565,0.10168581875000049,0.0,199.9999999999972,1722.4,0.5
agentic_manager,45,1000,0.964,203,215.90700000000055,784,3,0,0,0.0,0.0,0,1,0.4,122.10000000000001,0,0.0,0,0.0,8.020732129802404,0.8615853574039516,0.19999999999999718,0.30000000000000565,0.10182005312500128,0.0,199.9999999999972,1775.9,0.5
agentic_manager,46,1000,0.856,288,271.8240000000005,698,12,0,0,0.0,0.0,0,1,0.4,122.10000000000001,0,0.0,0,0.0,9.508532706357471,1.0208293458728508,0.19999999999999718,0.30000000000000565,0.1016140093750012,0.0,199.9999999999972,1702.4,0.5
