strategy,seed,total_steps,service_availability,total_interruption_time,total_recovery_time,total_state_loss,sla_violations,migrations_attempted,migrations_successful,migration_success_rate,total_migration_time,migration_frequency,checkpoints_created,total_checkpoint_cpu,total_checkpoint_storage,replications,total_replication_bw,syncs,total_sync_data,avg_bandwidth,avg_latency,avg_cpu_utilization,avg_memory_utilization,avg_storage_utilization,total_data_transferred,energy_proxy,objective_cost,state_size
local_execution,42,1000,1.0,0,0.0,0,0,0,0,0.0,0.0,0,20,8.000000000000002,12650.0,0,0.0,0,0.0,15.506267218138925,1.5308746556372212,0.19999999999999718,0.30000000000000565,0.12445781249999976,0.0,199.9999999999972,0.39999999999999436,50
local_execution,43,1000,1.0,0,0.0,0,0,0,0,0.0,0.0,0,20,8.000000000000002,12650.0,0,0.0,0,0.0,13.709138541343929,1.4758172291731222,0.19999999999999718,0.30000000000000565,0.12445781249999976,0.0,199.9999999999972,0.39999999999999436,50
local_execution,44,1000,1.0,0,0.0,0,0,0,0,0.0,0.0,0,20,8.000000000000002,12650.0,0,0.0,0,0.0,12.134188459969968,1.3183162308006011,0.19999999999999718,0.30000000000000565,0.12445781249999976,0.0,199.9999999999972,0.39999999999999436,50
local_execution,45,1000,1.0,0,0.0,0,0,0,0,0.0,0.0,0,20,8.000000000000002,12650.0,0,0.0,0,0.0,11.335171108259562,1.3132965778348096,0.19999999999999718,0.30000000000000565,0.12445781249999976,0.0,199.9999999999972,0.39999999999999436,50
local_execution,46,1000,1.0,0,0.0,0,0,0,0,0.0,0.0,0,20,8.000000000000002,12650.0,0,0.0,0,0.0,12.50099611442133,1.3879800777115725,0.19999999999999718,0.30000000000000565,0.12445781249999976,0.0,199.9999999999972,0.39999999999999436,50
threshold_based,42,1000,1.0,0,0.0,0,0,0,0,0.0,0.0,0,20,8.000000000000002,12650.0,0,0.0,0,0.0,15.506267218138925,1.5308746556372212,0.19999999999999718,0.30000000000000565,0.12445781249999976,0.0,199.9999999999972,0.39999999999999436,50
threshold_based,43,1000,1.0,0,0.0,0,0,0,0,0.0,0.0,0,20,8.000000000000002,12650.0,0,0.0,0,0.0,13.709138541343929,1.4758172291731222,0.19999999999999718,0.30000000000000565,0.12445781249999976,0.0,199.9999999999972,0.39999999999999436,50
threshold_based,44,1000,1.0,0,0.0,0,0,0,0,0.0,0.0,0,20,8.000000000000002,12650.0,0,0.0,0,0.0,12.134188459969968,1.3183162308006011,0.19999999999999718,0.30000000000000565,0.12445781249999976,0.0,199.9999999999972,0.39999999999999436,50
threshold_based,45,1000,1.0,0,0.0,0,0,0,0,0.0,0.0,0,20,8.000000000000002,12650.0,0,0.0,0,0.0,11.335171108259562,1.3132965778348096,0.19999999999999718,0.30000000000000565,0.12445781249999976,0.0,199.9999999999972,0.39999999999999436,50
threshold_based,46,1000,1.0,0,0.0,0,0,0,0,0.0,0.0,0,20,8.000000000000002,12650.0,0,0.0,0,0.0,12.50099611442133,1.3879800777115725,0.19999999999999718,0.30000000000000565,0.12445781249999976,0.0,199.9999999999972,0.39999999999999436,50
mobility_aware,42,1000,1.0,0,0.0,0,0,12,12,1.0,137.39960356230125,12,61,24.399999999999977,40204.99999999999,0,0.0,0,0.0,15.506267218138925,1.5308746556372212,0.19999999999999718,0.30068041992188066,0.1266273953125004,690.0,199.9999999999972,1.2939980178115005,50
mobility_aware,43,1000,1.0,0,0.0,0,0,0,0,0.0,0.0,0,57,22.799999999999983,34329.9,1,767.0,1,1.0,13.709138541343929,1.4758172291731222,0.19999999999999718,0.30000000000000565,0.12631803281250073,768.0,199.9999999999972,0.6303999999999943,50
mobility_aware,44,1000,1.0,0,0.0,0,0,0,0,0.0,0.0,0,55,21.999999999999986,39506.50000000001,0,0.0,0,0.0,12.134188459969968,1.3183162308006011,0.19999999999999718,0.30000000000000565,0.1263021171874993,0.0,199.9999999999972,0.39999999999999436,50
mobility_aware,45,1000,1.0,0,0.0,0,0,0,0,0.0,0.0,0,60,23.99999999999998,33953.7,0,0.0,0,0.0,11.335171108259562,1.3132965778348096,0.19999999999999718,0.30000000000000565,0.12655838281250006,0.0,199.9999999999972,0.39999999999999436,50
mobility_aware,46,1000,1.0,0,0.0,0,0,0,0,0.0,0.0,0,62,24.799999999999976,39935.50000000001,0,0.0,0,0.0,12.50099611442133,1.3879800777115725,0.19999999999999718,0.30000000000000565,0.12670262031249932,0.0,199.9999999999972,0.39999999999999436,50
rl_based,42,1000,1.0,0,0.0,0,0,5,0,0.0,98.09782140491716,5,28,11.200000000000005,1790.7143301545925,0,0.0,0,0.0,15.506267218138925,1.5308746556372212,0.19999999999999718,0.30000000000000565,0.10298000844761825,0.0,199.9999999999972,0.8904891070245802,50
rl_based,43,1000,1.0,0,0.0,0,0,13,4,0.3076923076923077,262.08203384085914,13,28,11.200000000000005,1790.3602099590348,0,0.0,0,0.0,19.418660522005457,2.089626789559892,0.19999999999999718,0.3068064181902922,0.10096662573943284,233.72301913239062,199.9999999999972,1.7805270749440074,50
rl_based,44,1000,1.0,0,0.0,0,0,8,1,0.125,161.0720362164656,8,30,12.000000000000005,1919.3069082795926,0,0.0,0,0.0,13.67938596525245,1.5254122806949522,0.19999999999999718,0.30674226880074124,0.10099327265812522,58.447265625,199.9999999999972,1.2228943607698224,50
rl_based,45,1000,1.0,0,0.0,0,0,8,0,0.0,179.95646503537984,8,28,11.200000000000005,1790.7142198402278,0,0.0,0,0.0,11.335171108259562,1.3132965778348096,0.19999999999999718,0.30000000000000565,0.1029800080528905,0.0,199.9999999999972,1.2997823251768934,50
rl_based,46,1000,1.0,0,0.0,0,0,4,1,0.25,79.46483065995739,4,28,11.200000000000005,1790.7143301545925,0,0.0,0,0.0,11.20987121729063,1.2878025756541875,0.19999999999999718,0.30478888057581777,0.1015671475523988,58.46573722362518,199.9999999999972,0.8148638744668688,50
agentic_manager,42,1000,1.0,0,0.0,0,0,0,0,0.0,0.0,0,51,20.39999999999999,32109.0,0,0.0,0,0.0,15.506267218138925,1.5308746556372212,0.19999999999999718,0.30000000000000565,0.12681304999999973,0.0,199.9999999999972,0.39999999999999436,50
agentic_manager,43,1000,1.0,0,0.0,0,0,0,0,0.0,0.0,0,52,20.79999999999999,32158.499999999996,0,0.0,0,0.0,13.709138541343929,1.4758172291731222,0.19999999999999718,0.30000000000000565,0.1268578749999998,0.0,199.9999999999972,0.39999999999999436,50
agentic_manager,44,1000,1.0,0,0.0,0,0,0,0,0.0,0.0,0,52,20.79999999999999,32793.2,0,0.0,0,0.0,12.134188459969968,1.3183162308006011,0.19999999999999718,0.30000000000000565,0.1268430765625,0.0,199.9999999999972,0.39999999999999436,50
agentic_manager,45,1000,1.0,0,0.0,0,0,0,0,0.0,0.0,0,52,20.79999999999999,31416.0,0,0.0,0,0.0,11.335171108259562,1.3132965778348096,0.19999999999999718,0.30000000000000565,0.12686858281250027,0.0,199.9999999999972,0.39999999999999436,50
agentic_manager,46,1000,1.0,0,0.0,0,0,0,0,0.0,0.0,0,51,20.39999999999999,31358.8,0,0.0,0,0.0,12.50099611442133,1.3879800777115725,0.19999999999999718,0.30000000000000565,0.12683257500000025,0.0,199.9999999999972,0.39999999999999436,50
local_execution,42,1000,1.0,0,0.0,0,0,0,0,0.0,0.0,0,20,8.000000000000002,13750.0,0,0.0,0,0.0,15.506267218138925,1.5308746556372212,0.19999999999999718,0.30000000000000565,0.12678070312499984,0.0,199.9999999999972,0.39999999999999436,100
local_execution,43,1000,1.0,0,0.0,0,0,0,0,0.0,0.0,0,20,8.000000000000002,13750.0,0,0.0,0,0.0,13.709138541343929,1.4758172291731222,0.19999999999999718,0.30000000000000565,0.12678070312499984,0.0,199.9999999999972,0.39999999999999436,100
local_execution,44,1000,1.0,0,0.0,0,0,0,0,0.0,0.0,0,20,8.000000000000002,13750.0,0,0.0,0,0.0,12.134188459969968,1.3183162308006011,0.19999999999999718,0.30000000000000565,0.12678070312499984,0.0,199.9999999999972,0.39999999999999436,100
local_execution,45,1000,1.0,0,0.0,0,0,0,0,0.0,0.0,0,20,8.000000000000002,13750.0,0,0.0,0,0.0,11.335171108259562,1.3132965778348096,0.19999999999999718,0.30000000000000565,0.12678070312499984,0.0,199.9999999999972,0.39999999999999436,100
local_execution,46,1000,1.0,0,0.0,0,0,0,0,0.0,0.0,0,20,8.000000000000002,13750.0,0,0.0,0,0.0,12.50099611442133,1.3879800777115725,0.19999999999999718,0.30000000000000565,0.12678070312499984,0.0,199.9999999999972,0.39999999999999436,100
threshold_based,42,1000,1.0,0,0.0,0,0,0,0,0.0,0.0,0,20,8.000000000000002,13750.0,0,0.0,0,0.0,15.506267218138925,1.5308746556372212,0.19999999999999718,0.30000000000000565,0.12678070312499984,0.0,199.9999999999972,0.39999999999999436,100
threshold_based,43,1000,1.0,0,0.0,0,0,0,0,0.0,0.0,0,20,8.000000000000002,13750.0,0,0.0,0,0.0,13.709138541343929,1.4758172291731222,0.19999999999999718,0.30000000000000565,0.12678070312499984,0.0,199.9999999999972,0.39999999999999436,100
threshold_based,44,1000,1.0,0,0.0,0,0,0,0,0.0,0.0,0,20,8.000000000000002,13750.0,0,0.0,0,0.0,12.134188459969968,1.3183162308006011,0.19999999999999718,0.30000000000000565,0.12678070312499984,0.0,199.9999999999972,0.39999999999999436,100
threshold_based,45,1000,1.0,0,0.0,0,0,0,0,0.0,0.0,0,20,8.000000000000002,13750.0,0,0.0,0,0.0,11.335171108259562,1.3132965778348096,0.19999999999999718,0.30000000000000565,0.12678070312499984,0.0,199.9999999999972,0.39999999999999436,100
threshold_based,46,1000,1.0,0,0.0,0,0,0,0,0.0,0.0,0,20,8.000000000000002,13750.0,0,0.0,0,0.0,12.50099611442133,1.3879800777115725,0.19999999999999718,0.30000000000000565,0.12678070312499984,0.0,199.9999999999972,0.39999999999999436,100
mobility_aware,42,1000,1.0,0,0.0,0,0,0,0,0.0,0.0,0,63,25.199999999999974,43813.0,0,0.0,0,0.0,15.506267218138925,1.5308746556372212,0.19999999999999718,0.30000000000000565,0.1291346171875005,0.0,199.9999999999972,0.39999999999999436,100
mobility_aware,43,1000,1.0,0,0.0,0,0,0,0,0.0,0.0,0,57,22.799999999999983,37464.9,1,817.0,1,1.0,13.709138541343929,1.4758172291731222,0.19999999999999718,0.30000000000000565,0.12880334531250054,818.0,199.9999999999972,0.6453999999999943,100
mobility_aware,44,1000,1.0,0,0.0,0,0,0,0,0.0,0.0,0,55,21.999999999999986,42531.5,0,0.0,0,0.0,12.134188459969968,1.3183162308006011,0.19999999999999718,0.30000000000000565,0.1287461796874994,0.0,199.9999999999972,0.39999999999999436,100
mobility_aware,45,1000,1.0,0,0.0,0,0,0,0,0.0,0.0,0,60,23.99999999999998,37253.7,0,0.0,0,0.0,11.335171108259562,1.3132965778348096,0.19999999999999718,0.30000000000000565,0.12909525781250006,0.0,199.9999999999972,0.39999999999999436,100
mobility_aware,46,1000,1.0,0,0.0,0,0,0,0,0.0,0.0,0,62,24.799999999999976,43345.5,0,0.0,0,0.0,12.50099611442133,1.3879800777115725,0.19999999999999718,0.30000000000000565,0.12926527656249917,0.0,199.9999999999972,0.39999999999999436,100
rl_based,42,1000,1.0,0,0.0,0,0,5,0,0.0,184.1669683915209,5,28,11.200000000000005,3330.714330154593,0,0.0,0,0.0,15.506267218138925,1.5308746556372212,0.19999999999999718,0.30000000000000565,0.10553149282261778,0.0,199.9999999999972,1.3208348419575988,100
rl_based,43,1000,1.0,0,0.0,0,0,29,0,0.0,740.0062268997684,29,28,11.200000000000005,3330.4201553116463,0,0.0,0,0.0,13.709138541343929,1.4758172291731222,0.19999999999999718,0.30000000000000565,0.10553086373195586,0.0,199.9999999999972,4.1000311344988365,100
rl_based,44,1000,1.0,0,0.0,0,0,3,0,0.0,85.1251491373848,3,111,44.399999999999906,13233.609222799318,0,0.0,0,0.0,12.134188459969968,1.3183162308006011,0.19999999999999718,0.30000000000000565,0.10553167690531737,0.0,199.9999999999972,0.8256257456869183,100
rl_based,45,1000,1.0,0,0.0,0,0,8,0,0.0,334.2452638925435,8,28,11.200000000000005,3330.7142198402275,0,0.0,0,0.0,11.335171108259562,1.3132965778348096,0.19999999999999718,0.30000000000000565,0.10553149242788995,0.0,199.9999999999972,2.0712263194627116,100
rl_based,46,1000,1.0,0,0.0,0,0,4,0,0.0,150.9092734229532,4,28,11.200000000000005,3330.714330154593,0,0.0,0,0.0,12.50099611442133,1.3879800777115725,0.19999999999999718,0.30000000000000565,0.10553149282261778,0.0,199.9999999999972,1.1545463671147602,100
agentic_manager,42,1000,1.0,0,0.0,0,0,0,0,0.0,0.0,0,51,20.39999999999999,34913.99999999999,0,0.0,0,0.0,15.506267218138925,1.5308746556372212,0.19999999999999718,0.30000000000000565,0.12927601874999997,0.0,199.9999999999972,0.39999999999999436,100
agentic_manager,43,1000,1.0,0,0.0,0,0,0,0,0.0,0.0,0,52,20.79999999999999,34897.50000000001,0,0.0,0,0.0,13.709138541343929,1.4758172291731222,0.19999999999999718,0.30000000000000565,0.1293510937499994,0.0,199.9999999999972,0.39999999999999436,100
agentic_manager,44,1000,1.0,0,0.0,0,0,0,0,0.0,0.0,0,52,20.79999999999999,35653.2,0,0.0,0,0.0,12.134188459969968,1.3183162308006011,0.19999999999999718,0.30000000000000565,0.12933010781249962,0.0,199.9999999999972,0.39999999999999436,100
agentic_manager,45,1000,1.0,0,0.0,0,0,0,0,0.0,0.0,0,52,20.79999999999999,34221.0,0,0.0,0,0.0,11.335171108259562,1.3132965778348096,0.19999999999999718,0.30000000000000565,0.12936848749999988,0.0,199.9999999999972,0.39999999999999436,100
agentic_manager,46,1000,1.0,0,0.0,0,0,0,0,0.0,0.0,0,51,20.39999999999999,34163.799999999996,0,0.0,0,0.0,12.50099611442133,1.3879800777115725,0.19999999999999718,0.30000000000000565,0.12932046562500024,0.0,199.9999999999972,0.39999999999999436,100
local_execution,42,1000,1.0,0,0.0,0,0,0,0,0.0,0.0,0,20,8.000000000000002,17050.0,0,0.0,0,0.0,15.506267218138925,1.5308746556372212,0.19999999999999718,0.30000000000000565,0.13374937499999956,0.0,199.9999999999972,0.39999999999999436,250
local_execution,43,1000,1.0,0,0.0,0,0,0,0,0.0,0.0,0,20,8.000000000000002,17050.0,0,0.0,0,0.0,13.709138541343929,1.4758172291731222,0.19999999999999718,0.30000000000000565,0.13374937499999956,0.0,199.9999999999972,0.39999999999999436,250
local_execution,44,1000,1.0,0,0.0,0,0,0,0,0.0,0.0,0,20,8.000000000000002,17050.0,0,0.0,0,0.0,12.134188459969968,1.3183162308006011,0.19999999999999718,0.30000000000000565,0.13374937499999956,0.0,199.9999999999972,0.39999999999999436,250
local_execution,45,1000,1.0,0,0.0,0,0,0,0,0.0,0.0,0,20,8.000000000000002,17050.0,0,0.0,0,0.0,11.335171108259562,1.3132965778348096,0.19999999999999718,0.30000000000000565,0.13374937499999956,0.0,199.9999999999972,0.39999999999999436,250
local_execution,46,1000,1.0,0,0.0,0,0,0,0,0.0,0.0,0,20,8.000000000000002,17050.0,0,0.0,0,0.0,12.50099611442133,1.3879800777115725,0.19999999999999718,0.30000000000000565,0.13374937499999956,0.0,199.9999999999972,0.39999999999999436,250
threshold_based,42,1000,1.0,0,0.0,0,0,0,0,0.0,0.0,0,20,8.000000000000002,17050.0,0,0.0,0,0.0,15.506267218138925,1.5308746556372212,0.19999999999999718,0.30000000000000565,0.13374937499999956,0.0,199.9999999999972,0.39999999999999436,250
threshold_based,43,1000,1.0,0,0.0,0,0,0,0,0.0,0.0,0,20,8.000000000000002,17050.0,0,0.0,0,0.0,13.709138541343929,1.4758172291731222,0.19999999999999718,0.30000000000000565,0.13374937499999956,0.0,199.9999999999972,0.39999999999999436,250
threshold_based,44,1000,1.0,0,0.0,0,0,0,0,0.0,0.0,0,20,8.000000000000002,17050.0,0,0.0,0,0.0,12.134188459969968,1.3183162308006011,0.19999999999999718,0.30000000000000565,0.13374937499999956,0.0,199.9999999999972,0.39999999999999436,250
threshold_based,45,1000,1.0,0,0.0,0,0,0,0,0.0,0.0,0,20,8.000000000000002,17050.0,0,0.0,0,0.0,11.335171108259562,1.3132965778348096,0.19999999999999718,0.30000000000000565,0.13374937499999956,0.0,199.9999999999972,0.39999999999999436,250
threshold_based,46,1000,1.0,0,0.0,0,0,0,0,0.0,0.0,0,20,8.000000000000002,17050.0,0,0.0,0,0.0,12.50099611442133,1.3879800777115725,0.19999999999999718,0.30000000000000565,0.13374937499999956,0.0,199.9999999999972,0.39999999999999436,250
mobility_aware,42,1000,1.0,0,0.0,0,0,0,0,0.0,0.0,0,63,25.199999999999974,54207.99999999999,0,0.0,0,0.0,15.506267218138925,1.5308746556372212,0.19999999999999718,0.30000000000000565,0.13682258593750032,0.0,199.9999999999972,0.39999999999999436,250
mobility_aware,43,1000,1.0,0,0.0,0,0,0,0,0.0,0.0,0,57,22.799999999999983,46869.899999999994,1,967.0,1,1.0,13.709138541343929,1.4758172291731222,0.19999999999999718,0.30000000000000565,0.13625928281249952,968.0,199.9999999999972,0.6903999999999944,250
mobility_aware,44,1000,1.0,0,0.0,0,0,0,0,0.0,0.0,0,55,21.999999999999986,51606.5,0,0.0,0,0.0,12.134188459969968,1.3183162308006011,0.19999999999999718,0.30000000000000565,0.13607836718750052,0.0,199.9999999999972,0.39999999999999436,250
mobility_aware,45,1000,1.0,0,0.0,0,0,0,0,0.0,0.0,0,60,23.99999999999998,47153.700000000004,0,0.0,0,0.0,11.335171108259562,1.3132965778348096,0.19999999999999718,0.30000000000000565,0.13670588281249949,0.0,199.9999999999972,0.39999999999999436,250
mobility_aware,46,1000,1.0,0,0.0,0,0,0,0,0.0,0.0,0,62,24.799999999999976,53575.5,0,0.0,0,0.0,12.50099611442133,1.3879800777115725,0.19999999999999718,0.30000000000000565,0.1369532453124992,0.0,199.9999999999972,0.39999999999999436,250
rl_based,42,1000,1.0,0,0.0,0,0,5,0,0.0,442.3744093513322,5,28,11.200000000000005,7950.71433015459,0,0.0,0,0.0,15.506267218138925,1.5308746556372212,0.19999999999999718,0.30000000000000565,0.11318594594761744,0.0,199.9999999999972,2.6118720467566554,250
rl_based,43,1000,1.0,0,0.0,0,0,29,0,0.0,1763.6033194150748,29,28,11.200000000000005,7950.420155311647,0,0.0,0,0.0,13.709138541343929,1.4758172291731222,0.19999999999999718,0.30000000000000565,0.11318531685695517,0.0,199.9999999999972,9.21801659707537,250
rl_based,44,1000,1.0,0,0.0,0,0,3,0,0.0,202.86667803287835,3,111,44.399999999999906,31548.609222799314,0,0.0,0,0.0,12.134188459969968,1.3183162308006011,0.19999999999999718,0.30000000000000565,0.11318613003031802,0.0,199.9999999999972,1.4143333901643862,250
rl_based,45,1000,1.0,0,0.0,0,0,8,0,0.0,797.1116604640345,8,28,11.200000000000005,7950.714219840227,0,0.0,0,0.0,11.335171108259562,1.3132965778348096,0.19999999999999718,0.30000000000000565,0.11318594555288897,0.0,199.9999999999972,4.385558302320167,250
rl_based,46,1000,1.0,0,0.0,0,0,4,0,0.0,365.2426017119407,4,28,11.200000000000005,7950.71433015459,0,0.0,0,0.0,12.50099611442133,1.3879800777115725,0.19999999999999718,0.30000000000000565,0.11318594594761744,0.0,199.9999999999972,2.2262130085596983,250
agentic_manager,42,1000,1.0,0,0.0,0,0,0,0,0.0,0.0,0,52,20.79999999999999,43770.09999999999,0,0.0,0,0.0,15.506267218138925,1.5308746556372212,0.19999999999999718,0.30000000000000565,0.13670151718750082,0.0,199.9999999999972,0.39999999999999436,250
agentic_manager,43,1000,1.0,0,0.0,0,0,0,0,0.0,0.0,0,53,21.19999999999999,43976.90000000001,0,0.0,0,0.0,13.709138541343929,1.4758172291731222,0.19999999999999718,0.30000000000000565,0.1368777062499998,0.0,199.9999999999972,0.39999999999999436,250
agentic_manager,44,1000,1.0,0,0.0,0,0,0,0,0.0,0.0,0,52,20.79999999999999,44224.4,0,0.0,0,0.0,12.134188459969968,1.3183162308006011,0.19999999999999718,0.30000000000000565,0.1367911671874995,0.0,199.9999999999972,0.39999999999999436,250
agentic_manager,45,1000,1.0,0,0.0,0,0,0,0,0.0,0.0,0,52,20.79999999999999,42714.1,0,0.0,0,0.0,11.335171108259562,1.3132965778348096,0.19999999999999718,0.30000000000000565,0.1368598656250005,0.0,199.9999999999972,0.39999999999999436,250
agentic_manager,46,1000,1.0,0,0.0,0,0,0,0,0.0,0.0,0,51,20.39999999999999,42572.19999999999,0,0.0,0,0.0,12.50099611442133,1.3879800777115725,0.19999999999999718,0.30000000000000565,0.13678396562500034,0.0,199.9999999999972,0.39999999999999436,250
local_execution,42,1000,1.0,0,0.0,0,0,0,0,0.0,0.0,0,20,8.000000000000002,22550.0,0,0.0,0,0.0,15.506267218138925,1.5308746556372212,0.19999999999999718,0.30000000000000565,0.14536382812499826,0.0,199.9999999999972,0.39999999999999436,500
local_execution,43,1000,1.0,0,0.0,0,0,0,0,0.0,0.0,0,20,8.000000000000002,22550.0,0,0.0,0,0.0,13.709138541343929,1.4758172291731222,0.19999999999999718,0.30000000000000565,0.14536382812499826,0.0,199.9999999999972,0.39999999999999436,500
local_execution,44,1000,1.0,0,0.0,0,0,0,0,0.0,0.0,0,20,8.000000000000002,22550.0,0,0.0,0,0.0,12.134188459969968,1.3183162308006011,0.19999999999999718,0.30000000000000565,0.14536382812499826,0.0,199.9999999999972,0.39999999999999436,500
local_execution,45,1000,1.0,0,0.0,0,0,0,0,0.0,0.0,0,20,8.000000000000002,22550.0,0,0.0,0,0.0,11.335171108259562,1.3132965778348096,0.19999999999999718,0.30000000000000565,0.14536382812499826,0.0,199.9999999999972,0.39999999999999436,500
local_execution,46,1000,1.0,0,0.0,0,0,0,0,0.0,0.0,0,20,8.000000000000002,22550.0,0,0.0,0,0.0,12.50099611442133,1.3879800777115725,0.19999999999999718,0.30000000000000565,0.14536382812499826,0.0,199.9999999999972,0.39999999999999436,500
threshold_based,42,1000,1.0,0,0.0,0,0,0,0,0.0,0.0,0,20,8.000000000000002,22550.0,0,0.0,0,0.0,15.506267218138925,1.5308746556372212,0.19999999999999718,0.30000000000000565,0.14536382812499826,0.0,199.9999999999972,0.39999999999999436,500
threshold_based,43,1000,1.0,0,0.0,0,0,0,0,0.0,0.0,0,20,8.000000000000002,22550.0,0,0.0,0,0.0,13.709138541343929,1.4758172291731222,0.19999999999999718,0.30000000000000565,0.14536382812499826,0.0,199.9999999999972,0.39999999999999436,500
threshold_based,44,1000,1.0,0,0.0,0,0,0,0,0.0,0.0,0,20,8.000000000000002,22550.0,0,0.0,0,0.0,12.134188459969968,1.3183162308006011,0.19999999999999718,0.30000000000000565,0.14536382812499826,0.0,199.9999999999972,0.39999999999999436,500
threshold_based,45,1000,1.0,0,0.0,0,0,0,0,0.0,0.0,0,20,8.000000000000002,22550.0,0,0.0,0,0.0,11.335171108259562,1.3132965778348096,0.19999999999999718,0.30000000000000565,0.14536382812499826,0.0,199.9999999999972,0.39999999999999436,500
threshold_based,46,1000,1.0,0,0.0,0,0,0,0,0.0,0.0,0,20,8.000000000000002,22550.0,0,0.0,0,0.0,12.50099611442133,1.3879800777115725,0.19999999999999718,0.30000000000000565,0.14536382812499826,0.0,199.9999999999972,0.39999999999999436,500
mobility_aware,42,1000,1.0,0,0.0,0,0,0,0,0.0,0.0,0,63,25.199999999999974,71533.0,0,0.0,0,0.0,15.506267218138925,1.5308746556372212,0.19999999999999718,0.30000000000000565,0.14963586718750016,0.0,199.9999999999972,0.39999999999999436,500
mobility_aware,43,1000,1.0,0,0.0,0,0,0,0,0.0,0.0,0,57,22.799999999999983,62544.899999999994,1,1217.0,1,1.0,13.709138541343929,1.4758172291731222,0.19999999999999718,0.30000000000000565,0.14868584531250062,1218.0,199.9999999999972,0.7653999999999943,500
mobility_aware,44,1000,1.0,0,0.0,0,0,0,0,0.0,0.0,0,55,21.999999999999986,66731.50000000001,0,0.0,0,0.0,12.134188459969968,1.3183162308006011,0.19999999999999718,0.30000000000000565,0.14829867968750007,0.0,199.9999999999972,0.39999999999999436,500
mobility_aware,45,1000,1.0,0,0.0,0,0,0,0,0.0,0.0,0,60,23.99999999999998,63653.7,0,0.0,0,0.0,11.335171108259562,1.3132965778348096,0.19999999999999718,0.30000000000000565,0.14939025781250123,0.0,199.9999999999972,0.39999999999999436,500
mobility_aware,46,1000,1.0,0,0.0,0,0,0,0,0.0,0.0,0,62,24.799999999999976,70625.50000000001,0,0.0,0,0.0,12.50099611442133,1.3879800777115725,0.19999999999999718,0.30000000000000565,0.14976652656250047,0.0,199.9999999999972,0.39999999999999436,500
rl_based,42,1000,1.0,0,0.0,0,0,5,0,0.0,872.7201442843509,5,28,11.200000000000005,15650.714330154591,0,0.0,0,0.0,15.506267218138925,1.5308746556372212,0.19999999999999718,0.30000000000000565,0.12594336782261584,0.0,199.9999999999972,4.763600721421748,500
rl_based,43,1000,1.0,0,0.0,0,0,29,0,0.0,3469.5984736072537,29,28,11.200000000000005,15650.42015531165,0,0.0,0,0.0,13.709138541343929,1.4758172291731222,0.19999999999999718,0.30000000000000565,0.12594273873195466,0.0,199.9999999999972,17.747992368036265,500
rl_based,44,1000,1.0,0,0.0,0,0,3,0,0.0,399.1025595253677,3,111,44.399999999999906,62073.60922279933,0,0.0,0,0.0,12.134188459969968,1.3183162308006011,0.19999999999999718,0.30000000000000565,0.12594355190532003,0.0,199.9999999999972,2.395512797626833,500
rl_based,45,1000,1.0,0,0.0,0,0,8,0,0.0,1568.5556547498531,8,28,11.200000000000005,15650.714219840222,0,0.0,0,0.0,11.335171108259562,1.3132965778348096,0.19999999999999718,0.30000000000000565,0.12594336742788712,0.0,199.9999999999972,8.242778273749261,500
rl_based,46,1000,1.0,0,0.0,0,0,4,0,0.0,722.46481552692,4,28,11.200000000000005,15650.714330154591,0,0.0,0,0.0,12.50099611442133,1.3879800777115725,0.19999999999999718,0.30000000000000565,0.12594336782261584,0.0,199.9999999999972,4.012324077634594,500
agentic_manager,42,1000,1.0,0,0.0,0,0,0,0,0.0,0.0,0,52,20.79999999999999,58039.299999999996,0,0.0,0,0.0,15.506267218138925,1.5308746556372212,0.19999999999999718,0.30000000000000565,0.14914827499999936,0.0,199.9999999999972,0.39999999999999436,500
agentic_manager,43,1000,1.0,0,0.0,0,0,0,0,0.0,0.0,0,53,21.19999999999999,58514.5,0,0.0,0,0.0,13.709138541343929,1.4758172291731222,0.19999999999999718,0.30000000000000565,0.14938224843749986,0.0,199.9999999999972,0.39999999999999436,500
agentic_manager,44,1000,1.0,0,0.0,0,0,0,0,0.0,0.0,0,53,21.19999999999999,59852.100000000006,0,0.0,0,0.0,12.134188459969968,1.3183162308006011,0.19999999999999718,0.30000000000000565,0.14924801406250104,0.0,199.9999999999972,0.39999999999999436,500
agentic_manager,45,1000,1.0,0,0.0,0,0,0,0,0.0,0.0,0,52,20.79999999999999,56927.200000000004,0,0.0,0,0.0,11.335171108259562,1.3132965778348096,0.19999999999999718,0.30000000000000565,0.14938044374999995,0.0,199.9999999999972,0.39999999999999436,500
agentic_manager,46,1000,1.0,0,0.0,0,0,0,0,0.0,0.0,0,52,20.79999999999999,57481.599999999984,0,0.0,0,0.0,12.50099611442133,1.3879800777115725,0.19999999999999718,0.30000000000000565,0.14936574843750017,0.0,199.9999999999972,0.39999999999999436,500
local_execution,42,1000,1.0,0,0.0,0,0,0,0,0.0,0.0,0,20,8.000000000000002,33550.0,0,0.0,0,0.0,15.506267218138925,1.5308746556372212,0.19999999999999718,0.30000000000000565,0.16859273437500083,0.0,199.9999999999972,0.39999999999999436,1000
local_execution,43,1000,1.0,0,0.0,0,0,0,0,0.0,0.0,0,20,8.000000000000002,33550.0,0,0.0,0,0.0,13.709138541343929,1.4758172291731222,0.19999999999999718,0.30000000000000565,0.16859273437500083,0.0,199.9999999999972,0.39999999999999436,1000
local_execution,44,1000,1.0,0,0.0,0,0,0,0,0.0,0.0,0,20,8.000000000000002,33550.0,0,0.0,0,0.0,12.134188459969968,1.3183162308006011,0.19999999999999718,0.30000000000000565,0.16859273437500083,0.0,199.9999999999972,0.39999999999999436,1000
local_execution,45,1000,1.0,0,0.0,0,0,0,0,0.0,0.0,0,20,8.000000000000002,33550.0,0,0.0,0,0.0,11.335171108259562,1.3132965778348096,0.19999999999999718,0.30000000000000565,0.16859273437500083,0.0,199.9999999999972,0.39999999999999436,1000
local_execution,46,1000,1.0,0,0.0,0,0,0,0,0.0,0.0,0,20,8.000000000000002,33550.0,0,0.0,0,0.0,12.50099611442133,1.3879800777115725,0.19999999999999718,0.30000000000000565,0.16859273437500083,0.0,199.9999999999972,0.39999999999999436,1000
threshold_based,42,1000,1.0,0,0.0,0,0,0,0,0.0,0.0,0,20,8.000000000000002,33550.0,0,0.0,0,0.0,15.506267218138925,1.5308746556372212,0.19999999999999718,0.30000000000000565,0.16859273437500083,0.0,199.9999999999972,0.39999999999999436,1000
threshold_based,43,1000,1.0,0,0.0,0,0,0,0,0.0,0.0,0,20,8.000000000000002,33550.0,0,0.0,0,0.0,13.709138541343929,1.4758172291731222,0.19999999999999718,0.30000000000000565,0.16859273437500083,0.0,199.9999999999972,0.39999999999999436,1000
threshold_based,44,1000,1.0,0,0.0,0,0,0,0,0.0,0.0,0,20,8.000000000000002,33550.0,0,0.0,0,0.0,12.134188459969968,1.3183162308006011,0.19999999999999718,0.30000000000000565,0.16859273437500083,0.0,199.9999999999972,0.39999999999999436,1000
threshold_based,45,1000,1.0,0,0.0,0,0,0,0,0.0,0.0,0,20,8.000000000000002,33550.0,0,0.0,0,0.0,11.335171108259562,1.3132965778348096,0.19999999999999718,0.30000000000000565,0.16859273437500083,0.0,199.9999999999972,0.39999999999999436,1000
threshold_based,46,1000,1.0,0,0.0,0,0,0,0,0.0,0.0,0,20,8.000000000000002,33550.0,0,0.0,0,0.0,12.50099611442133,1.3879800777115725,0.19999999999999718,0.30000000000000565,0.16859273437500083,0.0,199.9999999999972,0.39999999999999436,1000
mobility_aware,42,1000,1.0,0,0.0,0,0,0,0,0.0,0.0,0,63,25.199999999999974,106183.0,0,0.0,0,0.0,15.506267218138925,1.5308746556372212,0.19999999999999718,0.30000000000000565,0.17526242968749856,0.0,199.9999999999972,0.39999999999999436,1000
mobility_aware,43,1000,1.0,0,0.0,0,0,0,0,0.0,0.0,0,57,22.799999999999983,93894.9,1,1717.0,1,1.0,13.709138541343929,1.4758172291731222,0.19999999999999718,0.30000000000000565,0.17353897031250012,1718.0,199.9999999999972,0.9153999999999943,1000
mobility_aware,44,1000,1.0,0,0.0,0,0,0,0,0.0,0.0,0,55,21.999999999999986,96981.49999999999,0,0.0,0,0.0,12.134188459969968,1.3183162308006011,0.19999999999999718,0.30000000000000565,0.17273930468749993,0.0,199.9999999999972,0.39999999999999436,1000
mobility_aware,45,1000,1.0,0,0.0,0,0,0,0,0.0,0.0,0,60,23.99999999999998,96653.70000000001,0,0.0,0,0.0,11.335171108259562,1.3132965778348096,0.19999999999999718,0.30000000000000565,0.17475900781250123,0.0,199.9999999999972,0.39999999999999436,1000
mobility_aware,46,1000,1.0,0,0.0,0,0,0,0,0.0,0.0,0,62,24.799999999999976,104725.5,0,0.0,0,0.0,12.50099611442133,1.3879800777115725,0.19999999999999718,0.30000000000000565,0.17539308906250037,0.0,199.9999999999972,0.39999999999999436,1000
rl_based,42,1000,1.0,0,0.0,0,0,5,0,0.0,1733.4116141503882,5,28,11.200000000000005,31050.714330154602,0,0.0,0,0.0,15.506267218138925,1.5308746556372212,0.19999999999999718,0.30000000000000565,0.15145821157261488,0.0,199.9999999999972,9.067058070751937,1000
rl_based,43,1000,1.0,0,0.0,0,0,29,0,0.0,6881.588781991611,29,28,11.200000000000005,31050.42015531165,0,0.0,0,0.0,13.709138541343929,1.4758172291731222,0.19999999999999718,0.30000000000000565,0.15145758248195335,0.0,199.9999999999972,34.80794390995804,1000
rl_based,44,1000,1.0,0,0.0,0,0,3,0,0.0,791.5743225103463,3,111,44.399999999999906,123123.60922279932,0,0.0,0,0.0,12.134188459969968,1.3183162308006011,0.19999999999999718,0.30000000000000565,0.1514583956553184,0.0,199.9999999999972,4.357871612551726,1000
rl_based,45,1000,1.0,0,0.0,0,0,8,0,0.0,3111.44364332149,8,28,11.200000000000005,31050.714219840225,0,0.0,0,0.0,11.335171108259562,1.3132965778348096,0.19999999999999718,0.30000000000000565,0.1514582111778923,0.0,199.9999999999972,15.957218216607446,1000
rl_based,46,1000,1.0,0,0.0,0,0,4,0,0.0,1436.9092431568781,4,28,11.200000000000005,31050.714330154602,0,0.0,0,0.0,12.50099611442133,1.3879800777115725,0.19999999999999718,0.30000000000000565,0.15145821157261488,0.0,199.9999999999972,7.584546215784385,1000
agentic_manager,42,1000,1.0,0,0.0,0,0,0,0,0.0,0.0,0,53,21.19999999999999,87780.0,0,0.0,0,0.0,15.506267218138925,1.5308746556372212,0.19999999999999718,0.30000000000000565,0.17452522343750038,0.0,199.9999999999972,0.39999999999999436,1000
agentic_manager,43,1000,1.0,0,0.0,0,0,0,0,0.0,0.0,0,53,21.19999999999999,87622.7,0,0.0,0,0.0,13.709138541343929,1.4758172291731222,0.19999999999999718,0.30000000000000565,0.17437185937499988,0.0,199.9999999999972,0.39999999999999436,1000
agentic_manager,44,1000,1.0,0,0.0,0,0,0,0,0.0,0.0,0,53,21.19999999999999,88997.70000000003,0,0.0,0,0.0,12.134188459969968,1.3183162308006011,0.19999999999999718,0.30000000000000565,0.17411830937500028,0.0,199.9999999999972,0.39999999999999436,1000
agentic_manager,45,1000,1.0,0,0.0,0,0,0,0,0.0,0.0,0,52,20.79999999999999,85296.2,0,0.0,0,0.0,11.335171108259562,1.3132965778348096,0.19999999999999718,0.30000000000000565,0.1744145703125008,0.0,199.9999999999972,0.39999999999999436,1000
agentic_manager,46,1000,1.0,0,0.0,0,0,0,0,0.0,0.0,0,52,20.79999999999999,86071.7,0,0.0,0,0.0,12.50099611442133,1.3879800777115725,0.19999999999999718,0.30000000000000565,0.17446453437499995,0.0,199.9999999999972,0.39999999999999436,1000
