strategy,seed,total_steps,service_availability,total_interruption_time,total_recovery_time,total_state_loss,sla_violations,migrations_attempted,migrations_successful,migration_success_rate,total_migration_time,migration_frequency,checkpoints_created,total_checkpoint_cpu,total_checkpoint_storage,replications,total_replication_bw,syncs,total_sync_data,avg_bandwidth,avg_latency,avg_cpu_utilization,avg_memory_utilization,avg_storage_utilization,total_data_transferred,energy_proxy,objective_cost,uav_velocity
local_execution,42,1000,1.0,0,0.0,0,0,0,0,0.0,0.0,0,20,8.000000000000002,13750.0,0,0.0,0,0.0,31.672393995645187,2.8875521200870975,0.19999999999999718,0.30000000000000565,0.12678070312499984,0.0,199.9999999999972,0.39999999999999436,5
local_execution,43,1000,1.0,0,0.0,0,0,0,0,0.0,0.0,0,20,8.000000000000002,13750.0,0,0.0,0,0.0,11.213340910680852,1.1687331817863829,0.19999999999999718,0.30000000000000565,0.12678070312499984,0.0,199.9999999999972,0.39999999999999436,5
local_execution,44,1000,1.0,0,0.0,0,0,0,0,0.0,0.0,0,20,8.000000000000002,13750.0,0,0.0,0,0.0,14.319730154288555,1.5336053969142291,0.19999999999999718,0.30000000000000565,0.12678070312499984,0.0,199.9999999999972,0.39999999999999436,5
local_execution,45,1000,1.0,0,0.0,0,0,0,0,0.0,0.0,0,20,8.000000000000002,13750.0,0,0.0,0,0.0,24.015536045840147,2.2286892790831954,0.19999999999999718,0.30000000000000565,0.12678070312499984,0.0,199.9999999999972,0.39999999999999436,5
local_execution,46,1000,1.0,0,0.0,0,0,0,0,0.0,0.0,0,20,8.000000000000002,13750.0,0,0.0,0,0.0,20.87959548844508,2.130408090231101,0.19999999999999718,0.30000000000000565,0.12678070312499984,0.0,199.9999999999972,0.39999999999999436,5
threshold_based,42,1000,1.0,0,0.0,0,0,0,0,0.0,0.0,0,20,8.000000000000002,13750.0,0,0.0,0,0.0,31.672393995645187,2.8875521200870975,0.19999999999999718,0.30000000000000565,0.12678070312499984,0.0,199.9999999999972,0.39999999999999436,5
threshold_based,43,1000,1.0,0,0.0,0,0,0,0,0.0,0.0,0,20,8.000000000000002,13750.0,0,0.0,0,0.0,11.213340910680852,1.1687331817863829,0.19999999999999718,0.30000000000000565,0.12678070312499984,0.0,199.9999999999972,0.39999999999999436,5
threshold_based,44,1000,1.0,0,0.0,0,0,0,0,0.0,0.0,0,20,8.000000000000002,13750.0,0,0.0,0,0.0,14.319730154288555,1.5336053969142291,0.19999999999999718,0.30000000000000565,0.12678070312499984,0.0,199.9999999999972,0.39999999999999436,5
threshold_based,45,1000,1.0,0,0.0,0,0,0,0,0.0,0.0,0,20,8.000000000000002,13750.0,0,0.0,0,0.0,24.015536045840147,2.2286892790831954,0.19999999999999718,0.30000000000000565,0.12678070312499984,0.0,199.9999999999972,0.39999999999999436,5
threshold_based,46,1000,1.0,0,0.0,0,0,0,0,0.0,0.0,0,20,8.000000000000002,13750.0,0,0.0,0,0.0,20.87959548844508,2.130408090231101,0.19999999999999718,0.30000000000000565,0.12678070312499984,0.0,199.9999999999972,0.39999999999999436,5
mobility_aware,42,1000,1.0,0,0.0,0,0,0,0,0.0,0.0,0,66,26.39999999999997,33849.2,1,104.0,5,97.0,31.672393995645187,2.8875521200870975,0.19999999999999718,0.30000000000000565,0.12819236406249992,201.0,199.9999999999972,0.4602999999999944,5
mobility_aware,43,1000,1.0,0,0.0,0,0,0,0,0.0,0.0,0,52,20.79999999999999,29267.7,0,0.0,0,0.0,11.213340910680852,1.1687331817863829,0.19999999999999718,0.30000000000000565,0.12821398593749983,0.0,199.9999999999972,0.39999999999999436,5
mobility_aware,44,1000,1.0,0,0.0,0,0,0,0,0.0,0.0,0,63,25.199999999999974,44464.200000000004,0,0.0,0,0.0,14.319730154288555,1.5336053969142291,0.19999999999999718,0.30000000000000565,0.1284203046875004,0.0,199.9999999999972,0.39999999999999436,5
mobility_aware,45,1000,1.0,0,0.0,0,0,16,16,1.0,624.0906782055611,16,59,23.59999999999998,34629.100000000006,0,0.0,0,0.0,24.015536045840147,2.2286892790831954,0.19999999999999718,0.30062988281250563,0.12863017968750012,3576.0,199.9999999999972,4.593253391027799,5
mobility_aware,46,1000,1.0,0,0.0,0,0,0,0,0.0,0.0,0,70,27.999999999999964,40497.6,0,0.0,0,0.0,20.87959548844508,2.130408090231101,0.19999999999999718,0.30000000000000565,0.12885765781249997,0.0,199.9999999999972,0.39999999999999436,5
rl_based,42,1000,1.0,0,0.0,0,0,17,12,0.7058823529411765,505.9617050053736,17,28,11.200000000000005,3330.714330154593,2,213.625,184,2.0928967653781,24.30497124279961,2.453900575144008,0.19999999999999718,0.3122586241860996,0.1040687251163637,1507.4726355137427,199.9999999999972,3.382050315680985,5
rl_based,43,1000,1.0,0,0.0,0,0,10,7,0.7,259.32776719436066,10,65,25.99999999999997,7745.269453879627,0,0.0,0,0.0,20.355421982587124,1.9658915603482587,0.19999999999999718,0.31125437881677354,0.10217905725519812,759.2600520849228,199.9999999999972,1.9244168515972746,5
rl_based,44,1000,1.0,0,0.0,0,0,2,0,0.0,88.81652548019764,2,28,11.200000000000005,3330.714083855345,0,0.0,0,0.0,14.319730154288555,1.5336053969142291,0.19999999999999718,0.30000000000000565,0.10553149196436062,0.0,199.9999999999972,0.8440826274009825,5
rl_based,45,1000,1.0,0,0.0,0,0,10,8,0.8,248.4150183396207,10,29,11.600000000000005,3449.998907322397,2,216.8837890625,79,0.03169692448296098,14.55826542527708,1.4658346914944584,0.19999999999999718,0.3125899393893837,0.10338738124591056,1084.4819837897157,199.9999999999972,1.9674196868350127,5
rl_based,46,1000,1.0,0,0.0,0,0,73,34,0.4657534246575342,2304.5758008883868,73,46,18.4,5478.335928424938,1,108.46573728653311,0,0.0,20.88589910085855,2.1302820179828315,0.19999999999999718,0.3004236942891242,0.10521660313204773,3796.3008043173177,199.9999999999972,13.061769245737125,5
agentic_manager,42,1000,1.0,0,0.0,0,0,0,0,0.0,0.0,0,39,15.600000000000009,26352.7,0,0.0,0,0.0,31.672393995645187,2.8875521200870975,0.19999999999999718,0.30000000000000565,0.12819164218749932,0.0,199.9999999999972,0.39999999999999436,5
agentic_manager,43,1000,1.0,0,0.0,0,0,0,0,0.0,0.0,0,49,19.599999999999994,32490.7,0,0.0,0,0.0,11.213340910680852,1.1687331817863829,0.19999999999999718,0.30000000000000565,0.12926223437500023,0.0,199.9999999999972,0.39999999999999436,5
agentic_manager,44,1000,1.0,0,0.0,0,0,0,0,0.0,0.0,0,50,19.999999999999993,32915.3,0,0.0,0,0.0,14.319730154288555,1.5336053969142291,0.19999999999999718,0.30000000000000565,0.12929784687499937,0.0,199.9999999999972,0.39999999999999436,5
agentic_manager,45,1000,1.0,0,0.0,0,0,0,0,0.0,0.0,0,46,18.4,29569.1,0,0.0,0,0.0,24.015536045840147,2.2286892790831954,0.19999999999999718,0.30000000000000565,0.12894780624999927,0.0,199.9999999999972,0.39999999999999436,5
agentic_manager,46,1000,1.0,0,0.0,0,0,0,0,0.0,0.0,0,44,17.6,28381.1,0,0.0,0,0.0,20.87959548844508,2.130408090231101,0.19999999999999718,0.30000000000000565,0.1289667640625001,0.0,199.9999999999972,0.39999999999999436,5
local_execution,42,1000,1.0,0,0.0,0,0,0,0,0.0,0.0,0,20,8.000000000000002,13750.0,0,0.0,0,0.0,17.33726973764958,1.907254605247008,0.19999999999999718,0.30000000000000565,0.12678070312499984,0.0,199.9999999999972,0.39999999999999436,10
local_execution,43,1000,1.0,0,0.0,0,0,0,0,0.0,0.0,0,20,8.000000000000002,13750.0,0,0.0,0,0.0,19.275329496001934,1.8824934100799606,0.19999999999999718,0.30000000000000565,0.12678070312499984,0.0,199.9999999999972,0.39999999999999436,10
local_execution,44,1000,1.0,0,0.0,0,0,0,0,0.0,0.0,0,20,8.000000000000002,13750.0,0,0.0,0,0.0,15.727326639446524,1.52645346721107,0.19999999999999718,0.30000000000000565,0.12678070312499984,0.0,199.9999999999972,0.39999999999999436,10
local_execution,45,1000,1.0,0,0.0,0,0,0,0,0.0,0.0,0,20,8.000000000000002,13750.0,0,0.0,0,0.0,15.728431395431574,1.5124313720913676,0.19999999999999718,0.30000000000000565,0.12678070312499984,0.0,199.9999999999972,0.39999999999999436,10
local_execution,46,1000,1.0,0,0.0,0,0,0,0,0.0,0.0,0,20,8.000000000000002,13750.0,0,0.0,0,0.0,14.901623702444411,1.717967525951111,0.19999999999999718,0.30000000000000565,0.12678070312499984,0.0,199.9999999999972,0.39999999999999436,10
threshold_based,42,1000,1.0,0,0.0,0,0,0,0,0.0,0.0,0,20,8.000000000000002,13750.0,0,0.0,0,0.0,17.33726973764958,1.907254605247008,0.19999999999999718,0.30000000000000565,0.12678070312499984,0.0,199.9999999999972,0.39999999999999436,10
threshold_based,43,1000,1.0,0,0.0,0,0,0,0,0.0,0.0,0,20,8.000000000000002,13750.0,0,0.0,0,0.0,19.275329496001934,1.8824934100799606,0.19999999999999718,0.30000000000000565,0.12678070312499984,0.0,199.9999999999972,0.39999999999999436,10
threshold_based,44,1000,1.0,0,0.0,0,0,0,0,0.0,0.0,0,20,8.000000000000002,13750.0,0,0.0,0,0.0,15.727326639446524,1.52645346721107,0.19999999999999718,0.30000000000000565,0.12678070312499984,0.0,199.9999999999972,0.39999999999999436,10
threshold_based,45,1000,1.0,0,0.0,0,0,0,0,0.0,0.0,0,20,8.000000000000002,13750.0,0,0.0,0,0.0,15.728431395431574,1.5124313720913676,0.19999999999999718,0.30000000000000565,0.12678070312499984,0.0,199.9999999999972,0.39999999999999436,10
threshold_based,46,1000,1.0,0,0.0,0,0,0,0,0.0,0.0,0,20,8.000000000000002,13750.0,0,0.0,0,0.0,14.901623702444411,1.717967525951111,0.19999999999999718,0.30000000000000565,0.12678070312499984,0.0,199.9999999999972,0.39999999999999436,10
mobility_aware,42,1000,1.0,0,0.0,0,0,44,44,1.0,1140.0601789599264,44,64,25.599999999999973,45629.09999999999,0,0.0,0,0.0,17.33726973764958,1.907254605247008,0.19999999999999718,0.3022370605468807,0.12913066406249976,5390.0,199.9999999999972,7.717300894799626,10
mobility_aware,43,1000,1.0,0,0.0,0,0,0,0,0.0,0.0,0,69,27.599999999999966,51797.9,0,0.0,0,0.0,19.275329496001934,1.8824934100799606,0.19999999999999718,0.30000000000000565,0.12890423593750047,0.0,199.9999999999972,0.39999999999999436,10
mobility_aware,44,1000,1.0,0,0.0,0,0,0,0,0.0,0.0,0,60,23.99999999999998,41594.3,0,0.0,0,0.0,15.727326639446524,1.52645346721107,0.19999999999999718,0.30000000000000565,0.12877524374999932,0.0,199.9999999999972,0.39999999999999436,10
mobility_aware,45,1000,1.0,0,0.0,0,0,0,0,0.0,0.0,0,59,23.59999999999998,33008.799999999996,1,958.0,1,1.0,15.728431395431574,1.5124313720913676,0.19999999999999718,0.30000000000000565,0.1289088765624993,959.0,199.9999999999972,0.6876999999999944,10
mobility_aware,46,1000,1.0,0,0.0,0,0,0,0,0.0,0.0,0,71,28.399999999999963,43055.1,0,0.0,0,0.0,14.901623702444411,1.717967525951111,0.19999999999999718,0.30000000000000565,0.12924566562500023,0.0,199.9999999999972,0.39999999999999436,10
rl_based,42,1000,1.0,0,0.0,0,0,213,49,0.2300469483568075,8093.558201110782,213,28,11.200000000000005,3330.714330154593,1,107.625,6,0.5019531280413503,17.374052313911957,1.885518953721761,0.19999999999999718,0.30284242311088944,0.10199654653561906,5413.1245256727125,199.9999999999972,42.49172836325571,10
rl_based,43,1000,1.0,0,0.0,0,0,89,3,0.033707865168539325,3794.1717555767023,89,28,11.200000000000005,3330.714330154593,0,0.0,0,0.0,19.275329496001934,1.8824934100799606,0.19999999999999718,0.30117839973372407,0.10516779364728694,325.39721186367024,199.9999999999972,19.468477941442607,10
rl_based,44,1000,1.0,0,0.0,0,0,6,0,0.0,222.98544484718064,6,29,11.600000000000005,3450.0245840608427,0,0.0,0,0.0,15.727326639446524,1.52645346721107,0.19999999999999718,0.30000000000000565,0.10553149308278013,0.0,199.9999999999972,1.5149272242358975,10
rl_based,45,1000,1.0,0,0.0,0,0,9,1,0.1111111111111111,290.528319499685,9,28,11.200000000000005,3330.714330154593,0,0.0,0,0.0,11.748046797619672,1.256039064047607,0.19999999999999718,0.31239178419113744,0.10187892318226703,108.45458984375,199.9999999999972,1.8851779744515442,10
rl_based,46,1000,1.0,0,0.0,0,0,10,3,0.3,371.7373199173222,10,28,11.200000000000005,3330.714330154593,1,108.46573728653311,1,8.330971468240023e-10,17.849372722740355,2.023012545545191,0.19999999999999718,0.3106055969093053,0.10239243345837529,433.862929288709,199.9999999999972,2.3888454783732183,10
agentic_manager,42,1000,1.0,0,0.0,0,0,0,0,0.0,0.0,0,51,20.39999999999999,34249.6,0,0.0,0,0.0,17.33726973764958,1.907254605247008,0.19999999999999718,0.30000000000000565,0.12924561406249988,0.0,199.9999999999972,0.39999999999999436,10
agentic_manager,43,1000,1.0,0,0.0,0,0,0,0,0.0,0.0,0,49,19.599999999999994,32154.1,0,0.0,0,0.0,19.275329496001934,1.8824934100799606,0.19999999999999718,0.30000000000000565,0.1292674249999998,0.0,199.9999999999972,0.39999999999999436,10
agentic_manager,44,1000,1.0,0,0.0,0,0,0,0,0.0,0.0,0,49,19.599999999999994,32435.7,0,0.0,0,0.0,15.727326639446524,1.52645346721107,0.19999999999999718,0.30000000000000565,0.12925690625000058,0.0,199.9999999999972,0.39999999999999436,10
agentic_manager,45,1000,1.0,0,0.0,0,0,0,0,0.0,0.0,0,48,19.199999999999996,32151.900000000005,0,0.0,0,0.0,15.728431395431574,1.5124313720913676,0.19999999999999718,0.30000000000000565,0.12917777500000052,0.0,199.9999999999972,0.39999999999999436,10
agentic_manager,46,1000,1.0,0,0.0,0,0,0,0,0.0,0.0,0,51,20.39999999999999,34269.4,0,0.0,0,0.0,14.901623702444411,1.717967525951111,0.19999999999999718,0.30000000000000565,0.12930936250000072,0.0,199.9999999999972,0.39999999999999436,10
local_execution,42,1000,1.0,0,0.0,0,0,0,0,0.0,0.0,0,20,8.000000000000002,13750.0,0,0.0,0,0.0,16.43669045794204,1.7012661908411584,0.19999999999999718,0.30000000000000565,0.12678070312499984,0.0,199.9999999999972,0.39999999999999436,15
local_execution,43,1000,1.0,0,0.0,0,0,0,0,0.0,0.0,0,20,8.000000000000002,13750.0,0,0.0,0,0.0,16.30390549111622,1.710921890177676,0.19999999999999718,0.30000000000000565,0.12678070312499984,0.0,199.9999999999972,0.39999999999999436,15
local_execution,44,1000,1.0,0,0.0,0,0,0,0,0.0,0.0,0,20,8.000000000000002,13750.0,0,0.0,0,0.0,13.550680992174549,1.4369863801565084,0.19999999999999718,0.30000000000000565,0.12678070312499984,0.0,199.9999999999972,0.39999999999999436,15
local_execution,45,1000,1.0,0,0.0,0,0,0,0,0.0,0.0,0,20,8.000000000000002,13750.0,0,0.0,0,0.0,18.1847223305446,2.002305553389108,0.19999999999999718,0.30000000000000565,0.12678070312499984,0.0,199.9999999999972,0.39999999999999436,15
local_execution,46,1000,1.0,0,0.0,0,0,0,0,0.0,0.0,0,20,8.000000000000002,13750.0,0,0.0,0,0.0,13.371418236521347,1.573571635269573,0.19999999999999718,0.30000000000000565,0.12678070312499984,0.0,199.9999999999972,0.39999999999999436,15
threshold_based,42,1000,1.0,0,0.0,0,0,0,0,0.0,0.0,0,20,8.000000000000002,13750.0,0,0.0,0,0.0,16.43669045794204,1.7012661908411584,0.19999999999999718,0.30000000000000565,0.12678070312499984,0.0,199.9999999999972,0.39999999999999436,15
threshold_based,43,1000,1.0,0,0.0,0,0,0,0,0.0,0.0,0,20,8.000000000000002,13750.0,0,0.0,0,0.0,16.30390549111622,1.710921890177676,0.19999999999999718,0.30000000000000565,0.12678070312499984,0.0,199.9999999999972,0.39999999999999436,15
threshold_based,44,1000,1.0,0,0.0,0,0,0,0,0.0,0.0,0,20,8.000000000000002,13750.0,0,0.0,0,0.0,13.550680992174549,1.4369863801565084,0.19999999999999718,0.30000000000000565,0.12678070312499984,0.0,199.9999999999972,0.39999999999999436,15
threshold_based,45,1000,1.0,0,0.0,0,0,0,0,0.0,0.0,0,20,8.000000000000002,13750.0,0,0.0,0,0.0,18.1847223305446,2.002305553389108,0.19999999999999718,0.30000000000000565,0.12678070312499984,0.0,199.9999999999972,0.39999999999999436,15
threshold_based,46,1000,1.0,0,0.0,0,0,0,0,0.0,0.0,0,20,8.000000000000002,13750.0,0,0.0,0,0.0,13.371418236521347,1.573571635269573,0.19999999999999718,0.30000000000000565,0.12678070312499984,0.0,199.9999999999972,0.39999999999999436,15
mobility_aware,42,1000,1.0,0,0.0,0,0,22,22,1.0,504.2630374030402,22,63,25.199999999999974,37572.700000000004,0,0.0,0,0.0,16.43669045794204,1.7012661908411584,0.19999999999999718,0.3011547851562557,0.1290008984374998,2519.0,199.9999999999972,3.6770151870151953,15
mobility_aware,43,1000,1.0,0,0.0,0,0,0,0,0.0,0.0,0,70,27.999999999999964,48147.0,0,0.0,0,0.0,16.30390549111622,1.710921890177676,0.19999999999999718,0.30000000000000565,0.1293238515625007,0.0,199.9999999999972,0.39999999999999436,15
mobility_aware,44,1000,1.0,0,0.0,0,0,0,0,0.0,0.0,0,60,23.99999999999998,42163.00000000001,0,0.0,0,0.0,13.550680992174549,1.4369863801565084,0.19999999999999718,0.30000000000000565,0.12899404062500064,0.0,199.9999999999972,0.39999999999999436,15
mobility_aware,45,1000,1.0,0,0.0,0,0,0,0,0.0,0.0,0,74,29.59999999999996,46568.50000000001,0,0.0,0,0.0,18.1847223305446,2.002305553389108,0.19999999999999718,0.30000000000000565,0.12947871093749977,0.0,199.9999999999972,0.39999999999999436,15
mobility_aware,46,1000,1.0,0,0.0,0,0,0,0,0.0,0.0,0,64,25.599999999999973,39040.100000000006,0,0.0,0,0.0,13.371418236521347,1.573571635269573,0.19999999999999718,0.30000000000000565,0.12920957187499998,0.0,199.9999999999972,0.39999999999999436,15
rl_based,42,1000,1.0,0,0.0,0,0,18,15,0.8333333333333334,502.62042719643335,18,38,15.200000000000008,4523.837439517963,1,108.46573719382286,3,1.3533281162381172e-09,19.232359315097117,1.9673528136980574,0.19999999999999718,0.30690361994017884,0.10382484882266732,1733.3910312940002,199.9999999999972,3.4331194453703615,15
rl_based,43,1000,1.0,0,0.0,0,0,9,0,0.0,250.52749583175168,9,29,11.600000000000005,3449.999877029593,0,0.0,0,0.0,16.30390549111622,1.710921890177676,0.19999999999999718,0.30000000000000565,0.10553167664830138,0.0,199.9999999999972,1.6526374791587528,15
rl_based,44,1000,1.0,0,0.0,0,0,103,0,0.0,4470.207628108825,103,28,11.200000000000005,3330.714330154593,0,0.0,0,0.0,13.550680992174549,1.4369863801565084,0.19999999999999718,0.30000000000000565,0.10553149282261778,0.0,199.9999999999972,22.751038140544118,15
rl_based,45,1000,1.0,0,0.0,0,0,14,0,0.0,491.51760868784197,14,28,11.200000000000005,3330.714330154593,0,0.0,0,0.0,18.1847223305446,2.002305553389108,0.19999999999999718,0.30000000000000565,0.10553149282261778,0.0,199.9999999999972,2.857588043439204,15
rl_based,46,1000,1.0,0,0.0,0,0,6,0,0.0,236.7015549856408,6,28,11.200000000000005,3330.714330154593,0,0.0,0,0.0,13.371418236521347,1.573571635269573,0.19999999999999718,0.30000000000000565,0.10553149282261778,0.0,199.9999999999972,1.5835077749281983,15
agentic_manager,42,1000,1.0,0,0.0,0,0,0,0,0.0,0.0,0,50,19.999999999999993,33569.8,0,0.0,0,0.0,16.43669045794204,1.7012661908411584,0.19999999999999718,0.30000000000000565,0.12927383593749964,0.0,199.9999999999972,0.39999999999999436,15
agentic_manager,43,1000,1.0,0,0.0,0,0,0,0,0.0,0.0,0,52,20.79999999999999,34999.8,0,0.0,0,0.0,16.30390549111622,1.710921890177676,0.19999999999999718,0.30000000000000565,0.12935047499999952,0.0,199.9999999999972,0.39999999999999436,15
agentic_manager,44,1000,1.0,0,0.0,0,0,0,0,0.0,0.0,0,52,20.79999999999999,34729.200000000004,0,0.0,0,0.0,13.550680992174549,1.4369863801565084,0.19999999999999718,0.30000000000000565,0.1293526234374993,0.0,199.9999999999972,0.39999999999999436,15
agentic_manager,45,1000,1.0,0,0.0,0,0,0,0,0.0,0.0,0,52,20.79999999999999,34635.700000000004,0,0.0,0,0.0,18.1847223305446,2.002305553389108,0.19999999999999718,0.30000000000000565,0.12933261718749978,0.0,199.9999999999972,0.39999999999999436,15
agentic_manager,46,1000,1.0,0,0.0,0,0,0,0,0.0,0.0,0,51,20.39999999999999,33745.799999999996,0,0.0,0,0.0,13.371418236521347,1.573571635269573,0.19999999999999718,0.30000000000000565,0.1293105656250003,0.0,199.9999999999972,0.39999999999999436,15
local_execution,42,1000,1.0,0,0.0,0,0,0,0,0.0,0.0,0,20,8.000000000000002,13750.0,0,0.0,0,0.0,18.9583021706003,2.021833956587993,0.19999999999999718,0.30000000000000565,0.12678070312499984,0.0,199.9999999999972,0.39999999999999436,20
local_execution,43,1000,1.0,0,0.0,0,0,0,0,0.0,0.0,0,20,8.000000000000002,13750.0,0,0.0,0,0.0,14.047750738299888,1.5110449852340024,0.19999999999999718,0.30000000000000565,0.12678070312499984,0.0,199.9999999999972,0.39999999999999436,20
local_execution,44,1000,1.0,0,0.0,0,0,0,0,0.0,0.0,0,20,8.000000000000002,13750.0,0,0.0,0,0.0,12.235541658375912,1.3442891668324821,0.19999999999999718,0.30000000000000565,0.12678070312499984,0.0,199.9999999999972,0.39999999999999436,20
local_execution,45,1000,1.0,0,0.0,0,0,0,0,0.0,0.0,0,20,8.000000000000002,13750.0,0,0.0,0,0.0,20.546371829976035,2.1650725634004786,0.19999999999999718,0.30000000000000565,0.12678070312499984,0.0,199.9999999999972,0.39999999999999436,20
local_execution,46,1000,1.0,0,0.0,0,0,0,0,0.0,0.0,0,20,8.000000000000002,13750.0,0,0.0,0,0.0,10.466142541899947,1.2256771491620018,0.19999999999999718,0.30000000000000565,0.12678070312499984,0.0,199.9999999999972,0.39999999999999436,20
threshold_based,42,1000,1.0,0,0.0,0,0,0,0,0.0,0.0,0,20,8.000000000000002,13750.0,0,0.0,0,0.0,18.9583021706003,2.021833956587993,0.19999999999999718,0.30000000000000565,0.12678070312499984,0.0,199.9999999999972,0.39999999999999436,20
threshold_based,43,1000,1.0,0,0.0,0,0,0,0,0.0,0.0,0,20,8.000000000000002,13750.0,0,0.0,0,0.0,14.047750738299888,1.5110449852340024,0.19999999999999718,0.30000000000000565,0.12678070312499984,0.0,199.9999999999972,0.39999999999999436,20
threshold_based,44,1000,1.0,0,0.0,0,0,0,0,0.0,0.0,0,20,8.000000000000002,13750.0,0,0.0,0,0.0,12.235541658375912,1.3442891668324821,0.19999999999999718,0.30000000000000565,0.12678070312499984,0.0,199.9999999999972,0.39999999999999436,20
threshold_based,45,1000,1.0,0,0.0,0,0,0,0,0.0,0.0,0,20,8.000000000000002,13750.0,0,0.0,0,0.0,20.546371829976035,2.1650725634004786,0.19999999999999718,0.30000000000000565,0.12678070312499984,0.0,199.9999999999972,0.39999999999999436,20
threshold_based,46,1000,1.0,0,0.0,0,0,0,0,0.0,0.0,0,20,8.000000000000002,13750.0,0,0.0,0,0.0,10.466142541899947,1.2256771491620018,0.19999999999999718,0.30000000000000565,0.12678070312499984,0.0,199.9999999999972,0.39999999999999436,20
mobility_aware,42,1000,1.0,0,0.0,0,0,10,10,1.0,211.09315649310338,10,67,26.79999999999997,43315.8,1,455.0,1,1.0,18.9583021706003,2.021833956587993,0.19999999999999718,0.3005322265625056,0.1293536312499998,1571.0,199.9999999999972,1.9267657824655113,20
mobility_aware,43,1000,1.0,0,0.0,0,0,0,0,0.0,0.0,0,65,25.99999999999997,42332.39999999999,0,0.0,0,0.0,14.047750738299888,1.5110449852340024,0.19999999999999718,0.30000000000000565,0.12931053125,0.0,199.9999999999972,0.39999999999999436,20
mobility_aware,44,1000,1.0,0,0.0,0,0,0,0,0.0,0.0,0,56,22.399999999999984,40087.29999999999,1,734.0,1,1.0,12.235541658375912,1.3442891668324821,0.19999999999999718,0.30000000000000565,0.12885973750000002,735.0,199.9999999999972,0.6204999999999944,20
mobility_aware,45,1000,1.0,0,0.0,0,0,0,0,0.0,0.0,0,86,34.39999999999994,55998.80000000001,0,0.0,0,0.0,20.546371829976035,2.1650725634004786,0.19999999999999718,0.30000000000000565,0.12979733281249933,0.0,199.9999999999972,0.39999999999999436,20
mobility_aware,46,1000,1.0,0,0.0,0,0,0,0,0.0,0.0,0,55,21.999999999999986,29737.399999999998,0,0.0,0,0.0,10.466142541899947,1.2256771491620018,0.19999999999999718,0.30000000000000565,0.12902240000000015,0.0,199.9999999999972,0.39999999999999436,20
rl_based,42,1000,1.0,0,0.0,0,0,6,2,0.3333333333333333,161.99322122332123,6,28,11.200000000000005,3330.714330154593,0,0.0,0,0.0,16.599839423461052,1.775003211530778,0.19999999999999718,0.31300568869338025,0.10193792629219924,215.46565628051758,199.9999999999972,1.2746058030007559,20
rl_based,43,1000,1.0,0,0.0,0,0,10,0,0.0,345.44258936029274,10,28,11.200000000000005,3330.714330154593,0,0.0,0,0.0,14.047750738299888,1.5110449852340024,0.19999999999999718,0.30000000000000565,0.10553149282261778,0.0,199.9999999999972,2.127212946801458,20
rl_based,44,1000,1.0,0,0.0,0,0,5,0,0.0,178.32373422281748,5,28,11.200000000000005,3330.714330154593,0,0.0,0,0.0,12.235541658375912,1.3442891668324821,0.19999999999999718,0.30000000000000565,0.10553149282261778,0.0,199.9999999999972,1.2916186711140818,20
rl_based,45,1000,1.0,0,0.0,0,0,9,0,0.0,296.61128411867776,9,28,11.200000000000005,3330.7141260415,0,0.0,0,0.0,20.546371829976035,2.1650725634004786,0.19999999999999718,0.30000000000000565,0.10553149211816591,0.0,199.9999999999972,1.883056420593383,20
rl_based,46,1000,1.0,0,0.0,0,0,9,0,0.0,309.3747238957042,9,28,11.200000000000005,3330.7133253202032,0,0.0,0,0.0,10.466142541899947,1.2256771491620018,0.19999999999999718,0.30000000000000565,0.1055314895173582,0.0,199.9999999999972,1.9468736194785154,20
agentic_manager,42,1000,1.0,0,0.0,0,0,0,0,0.0,0.0,0,55,21.999999999999986,36780.7,0,0.0,0,0.0,18.9583021706003,2.021833956587993,0.19999999999999718,0.30000000000000565,0.12944052031250078,0.0,199.9999999999972,0.39999999999999436,20
agentic_manager,43,1000,1.0,0,0.0,0,0,0,0,0.0,0.0,0,52,20.79999999999999,34811.700000000004,0,0.0,0,0.0,14.047750738299888,1.5110449852340024,0.19999999999999718,0.30000000000000565,0.1293398015625007,0.0,199.9999999999972,0.39999999999999436,20
agentic_manager,44,1000,1.0,0,0.0,0,0,0,0,0.0,0.0,0,53,21.19999999999999,35836.9,0,0.0,0,0.0,12.235541658375912,1.3442891668324821,0.19999999999999718,0.30000000000000565,0.12936541093749995,0.0,199.9999999999972,0.39999999999999436,20
agentic_manager,45,1000,1.0,0,0.0,0,0,0,0,0.0,0.0,0,54,21.599999999999987,36806.00000000001,0,0.0,0,0.0,20.546371829976035,2.1650725634004786,0.19999999999999718,0.30000000000000565,0.12936434531250024,0.0,199.9999999999972,0.39999999999999436,20
agentic_manager,46,1000,1.0,0,0.0,0,0,0,0,0.0,0.0,0,51,20.39999999999999,33332.200000000004,0,0.0,0,0.0,10.466142541899947,1.2256771491620018,0.19999999999999718,0.30000000000000565,0.1293325656250001,0.0,199.9999999999972,0.39999999999999436,20
local_execution,42,1000,1.0,0,0.0,0,0,0,0,0.0,0.0,0,20,8.000000000000002,13750.0,0,0.0,0,0.0,15.417231169697859,1.5886553766060436,0.19999999999999718,0.30000000000000565,0.12678070312499984,0.0,199.9999999999972,0.39999999999999436,30
local_execution,43,1000,1.0,0,0.0,0,0,0,0,0.0,0.0,0,20,8.000000000000002,13750.0,0,0.0,0,0.0,12.269347976794307,1.2946130404641132,0.19999999999999718,0.30000000000000565,0.12678070312499984,0.0,199.9999999999972,0.39999999999999436,30
local_execution,44,1000,1.0,0,0.0,0,0,0,0,0.0,0.0,0,20,8.000000000000002,13750.0,0,0.0,0,0.0,10.887451340689115,1.301250973186218,0.19999999999999718,0.30000000000000565,0.12678070312499984,0.0,199.9999999999972,0.39999999999999436,30
local_execution,45,1000,1.0,0,0.0,0,0,0,0,0.0,0.0,0,20,8.000000000000002,13750.0,0,0.0,0,0.0,16.290512129725677,1.8441897574054846,0.19999999999999718,0.30000000000000565,0.12678070312499984,0.0,199.9999999999972,0.39999999999999436,30
local_execution,46,1000,1.0,0,0.0,0,0,0,0,0.0,0.0,0,20,8.000000000000002,13750.0,0,0.0,0,0.0,16.625787267069665,1.802484254658606,0.19999999999999718,0.30000000000000565,0.12678070312499984,0.0,199.9999999999972,0.39999999999999436,30
threshold_based,42,1000,1.0,0,0.0,0,0,0,0,0.0,0.0,0,20,8.000000000000002,13750.0,0,0.0,0,0.0,15.417231169697859,1.5886553766060436,0.19999999999999718,0.30000000000000565,0.12678070312499984,0.0,199.9999999999972,0.39999999999999436,30
threshold_based,43,1000,1.0,0,0.0,0,0,0,0,0.0,0.0,0,20,8.000000000000002,13750.0,0,0.0,0,0.0,12.269347976794307,1.2946130404641132,0.19999999999999718,0.30000000000000565,0.12678070312499984,0.0,199.9999999999972,0.39999999999999436,30
threshold_based,44,1000,1.0,0,0.0,0,0,0,0,0.0,0.0,0,20,8.000000000000002,13750.0,0,0.0,0,0.0,10.887451340689115,1.301250973186218,0.19999999999999718,0.30000000000000565,0.12678070312499984,0.0,199.9999999999972,0.39999999999999436,30
threshold_based,45,1000,1.0,0,0.0,0,0,0,0,0.0,0.0,0,20,8.000000000000002,13750.0,0,0.0,0,0.0,16.290512129725677,1.8441897574054846,0.19999999999999718,0.30000000000000565,0.12678070312499984,0.0,199.9999999999972,0.39999999999999436,30
threshold_based,46,1000,1.0,0,0.0,0,0,0,0,0.0,0.0,0,20,8.000000000000002,13750.0,0,0.0,0,0.0,16.625787267069665,1.802484254658606,0.19999999999999718,0.30000000000000565,0.12678070312499984,0.0,199.9999999999972,0.39999999999999436,30
mobility_aware,42,1000,1.0,0,0.0,0,0,0,0,0.0,0.0,0,58,23.19999999999998,35148.299999999996,1,264.0,1,2.0,15.417231169697859,1.5886553766060436,0.19999999999999718,0.30000000000000565,0.12893039531249947,266.0,199.9999999999972,0.47979999999999434,30
mobility_aware,43,1000,1.0,0,0.0,0,0,0,0,0.0,0.0,0,61,24.399999999999977,38437.3,0,0.0,0,0.0,12.269347976794307,1.2946130404641132,0.19999999999999718,0.30000000000000565,0.1294040312499998,0.0,199.9999999999972,0.39999999999999436,30
mobility_aware,44,1000,1.0,0,0.0,0,0,0,0,0.0,0.0,0,61,24.399999999999977,44465.29999999999,0,0.0,0,0.0,10.887451340689115,1.301250973186218,0.19999999999999718,0.30000000000000565,0.1293353328124991,0.0,199.9999999999972,0.39999999999999436,30
mobility_aware,45,1000,1.0,0,0.0,0,0,0,0,0.0,0.0,0,71,28.399999999999963,45643.4,1,737.0,1,1.0,16.290512129725677,1.8441897574054846,0.19999999999999718,0.30000000000000565,0.12945894531250063,738.0,199.9999999999972,0.6213999999999944,30
mobility_aware,46,1000,1.0,0,0.0,0,0,0,0,0.0,0.0,0,65,25.99999999999997,43305.899999999994,1,266.0,1,1.0,16.625787267069665,1.802484254658606,0.19999999999999718,0.30000000000000565,0.12944615781249955,267.0,199.9999999999972,0.48009999999999436,30
rl_based,42,1000,1.0,0,0.0,0,0,12,0,0.0,399.35788548997857,12,105,41.999999999999915,12517.434158135711,0,0.0,0,0.0,15.417231169697859,1.5886553766060436,0.19999999999999718,0.30000000000000565,0.10553134863863729,0.0,199.9999999999972,2.396789427449887,30
rl_based,43,1000,1.0,0,0.0,0,0,8,0,0.0,257.6322382878207,8,28,11.200000000000005,3330.714330154593,0,0.0,0,0.0,12.269347976794307,1.2946130404641132,0.19999999999999718,0.30000000000000565,0.10553149282261778,0.0,199.9999999999972,1.688161191439098,30
rl_based,44,1000,1.0,0,0.0,0,0,5,0,0.0,192.3666813665701,5,28,11.200000000000005,3330.714330154593,0,0.0,0,0.0,10.887451340689115,1.301250973186218,0.19999999999999718,0.30000000000000565,0.10553149282261778,0.0,199.9999999999972,1.361833406832845,30
rl_based,45,1000,1.0,0,0.0,0,0,7,0,0.0,257.21828951177,7,28,11.200000000000005,3330.714330154593,0,0.0,0,0.0,16.290512129725677,1.8441897574054846,0.19999999999999718,0.30000000000000565,0.10553149282261778,0.0,199.9999999999972,1.6860914475588444,30
rl_based,46,1000,1.0,0,0.0,0,0,6,2,0.3333333333333333,253.3219044525408,6,28,11.200000000000005,3330.714330154593,0,0.0,0,0.0,16.625787267069665,1.802484254658606,0.19999999999999718,0.29998675975087663,0.10552420531580131,216.93141746520996,199.9999999999972,1.7316889475022614,30
agentic_manager,42,1000,1.0,0,0.0,0,0,0,0,0.0,0.0,0,52,20.79999999999999,34595.0,0,0.0,0,0.0,15.417231169697859,1.5886553766060436,0.19999999999999718,0.30000000000000565,0.12934889375000014,0.0,199.9999999999972,0.39999999999999436,30
agentic_manager,43,1000,1.0,0,0.0,0,0,0,0,0.0,0.0,0,53,21.19999999999999,34732.49999999999,0,0.0,0,0.0,12.269347976794307,1.2946130404641132,0.19999999999999718,0.30000000000000565,0.12940884374999911,0.0,199.9999999999972,0.39999999999999436,30
agentic_manager,44,1000,1.0,0,0.0,0,0,0,0,0.0,0.0,0,53,21.19999999999999,35514.59999999999,0,0.0,0,0.0,10.887451340689115,1.301250973186218,0.19999999999999718,0.30000000000000565,0.12938345781249913,0.0,199.9999999999972,0.39999999999999436,30
agentic_manager,45,1000,1.0,0,0.0,0,0,0,0,0.0,0.0,0,55,21.999999999999986,36646.5,0,0.0,0,0.0,16.290512129725677,1.8441897574054846,0.19999999999999718,0.30000000000000565,0.12941439531250037,0.0,199.9999999999972,0.39999999999999436,30
agentic_manager,46,1000,1.0,0,0.0,0,0,0,0,0.0,0.0,0,55,21.999999999999986,36843.4,0,0.0,0,0.0,16.625787267069665,1.802484254658606,0.19999999999999718,0.30000000000000565,0.12946533906250013,0.0,199.9999999999972,0.39999999999999436,30
